participant_id,data_source,synthetic_flag,age,age_group,gender,race_ethnicity,nationality,country_of_residence,education_level,employment_status,occupation_category,relationship_status,avg_daily_sm_hours,years_on_social_media,primary_platform,secondary_platform,daily_check_frequency,first_check_of_day,late_night_scrolling,sm_during_work_study,sm_during_meals,notifications_always_on,scroll_without_purpose,doomscrolling_frequency,content_type_consumed,avg_daily_screen_time_hours,avg_sleep_hours,sleep_quality,exercise_frequency,avg_work_study_hours_per_day,dopamine_rush_feel_score,reward_seeking_behavior,fomo_score,comparison_to_others_score,validation_seeking_score,boredom_to_phone_reflex,inability_to_delay_gratification,attention_span_minutes,deep_work_duration_minutes,task_switching_frequency,difficulty_starting_tasks,difficulty_maintaining_focus,mind_wandering_during_work,productivity_self_rating,tasks_completed_per_day,work_quality_self_rating,creative_output_frequency,reading_duration_minutes_per_day,memory_recall_difficulty,learning_retention_difficulty,decision_fatigue_score,mental_fog_frequency,irritability_when_offline,anxiety_when_phone_unavailable,restlessness_score,mood_dependency_on_sm,withdrawal_attempt_count,longest_detox_days,detox_relapse_reason,severity_stage,productivity_decline_score,dopamine_dysregulation_index,digital_wellbeing_score,sm_addiction_risk_score,notes

P0001,synthetic_ai,1,16,13-17,Female,South Asian,Indian,India,High school,Student,Education,Single,7.5,4,Instagram,YouTube,Constantly,Within 5 mins of waking,Daily,Always,Always,Yes,Yes,Daily,Short video/Reels,11.0,5.5,Poor,Never,6.0,9,5,8,7,8,Yes,Yes,8,20,High,Yes,Yes,Yes,4,3,4,Low,10,Yes,Yes,8,Daily,Yes,9,8,Yes,9,2,3,Boredom,Critical,8.8,9.2,2.1,9.5
P0002,synthetic_ai,1,17,13-17,Male,East Asian,Chinese,China,High school,Student,Education,Single,8.0,5,TikTok,YouTube,Constantly,Within 5 mins of waking,Daily,Always,Always,Yes,Yes,Daily,Short video/Reels,12.0,5.0,Very poor,Never,5.5,10,5,9,8,9,Yes,Yes,7,15,High,Yes,Yes,Yes,3,2,3,Low,8,Yes,Yes,9,Daily,Yes,10,9,Yes,10,1,1,Curiosity,Critical,9.5,9.8,1.5,9.8
P0003,synthetic_ai,1,15,13-17,Female,Black/African,Nigerian,Nigeria,High school,Student,Education,Single,6.5,3,TikTok,Instagram,Every few hours,Within 30 mins,Daily,Often,Often,Yes,Yes,Daily,Short video/Reels,10.0,6.0,Poor,1-2x/week,6.5,8,4,7,7,7,Yes,Yes,10,25,High,Yes,Yes,Yes,4,4,4,Low,12,Yes,Yes,7,Daily,Yes,8,7,Yes,8,2,5,Boredom,Severe,8.0,8.5,2.8,9.0
P0004,synthetic_ai,1,19,18-22,Male,White/Caucasian,American,USA,High school,Student,Education,Single,6.0,6,YouTube,Reddit,Every few hours,Within 30 mins,Daily,Often,Sometimes,Yes,Yes,Daily,Gaming/Tech content,10.5,6.0,Poor,1-2x/week,5.0,8,4,7,6,6,Yes,Yes,12,25,High,Yes,Yes,Yes,4,3,4,Low,15,Yes,Yes,7,Daily,Yes,8,8,Yes,9,3,7,Boredom,Severe,7.8,8.2,2.9,8.8
P0005,synthetic_ai,1,18,18-22,Female,Hispanic/Latino,Mexican,Mexico,High school,Student,Education,Single,7.0,4,Instagram,TikTok,Constantly,Within 5 mins of waking,Daily,Always,Often,Yes,Yes,Daily,Short video/Reels,11.5,5.5,Poor,Never,6.0,9,5,8,8,8,Yes,Yes,8,18,High,Yes,Yes,Yes,3,3,3,Low,10,Yes,Yes,8,Daily,Yes,9,9,Yes,9,2,4,FOMO,Critical,9.0,9.3,2.0,9.6
P0006,synthetic_ai,1,16,13-17,Male,South Asian,Pakistani,Pakistan,High school,Student,Education,Single,6.5,3,YouTube,TikTok,Constantly,Within 5 mins of waking,Daily,Often,Often,Yes,Yes,Daily,Gaming/Tech content,10.0,6.0,Poor,Never,6.0,8,4,7,6,7,Yes,Yes,10,20,High,Yes,Yes,Yes,4,3,4,Low,12,Yes,Yes,7,Daily,Yes,8,8,Yes,8,2,5,Boredom,Severe,8.0,8.4,2.7,8.9
P0007,synthetic_ai,1,21,18-22,Female,White/Caucasian,British,UK,Undergraduate,Student,Education,Single,5.5,5,Instagram,TikTok,Every few hours,Within 30 mins,Daily,Often,Often,Yes,Yes,Daily,Lifestyle/Fashion,9.5,6.5,Fair,1-2x/week,6.5,7,4,8,8,7,Yes,Yes,12,30,High,Yes,Yes,Yes,4,4,4,Low,15,Yes,Yes,7,Daily,Yes,7,8,Yes,8,3,7,FOMO,Severe,7.5,8.0,3.2,8.5
P0008,synthetic_ai,1,20,18-22,Male,East Asian,Japanese,Japan,Undergraduate,Student,Education,Single,5.0,4,YouTube,Twitter/X,Every few hours,Within 30 mins,Sometimes,Often,Sometimes,Yes,Yes,Often,Gaming/Tech content,9.0,6.5,Fair,1-2x/week,7.0,7,4,6,5,5,Yes,Yes,15,35,Moderate,Yes,Yes,Sometimes,5,4,5,Moderate,20,Yes,Yes,6,Often,Yes,7,6,Yes,7,3,10,Boredom,Moderate,6.5,7.0,4.0,7.5
P0009,synthetic_ai,1,22,18-22,Female,South Asian,Bangladeshi,Bangladesh,Undergraduate,Student,Education,Single,7.0,5,Instagram,Facebook,Constantly,Within 5 mins of waking,Daily,Always,Often,Yes,Yes,Daily,Short video/Reels,11.0,5.5,Poor,Never,5.5,9,5,8,8,9,Yes,Yes,8,18,High,Yes,Yes,Yes,3,3,3,Low,10,Yes,Yes,8,Daily,Yes,9,9,Yes,10,2,3,Validation seeking,Critical,9.2,9.4,2.0,9.7
P0010,synthetic_ai,1,17,13-17,Male,Black/African,Kenyan,Kenya,High school,Student,Education,Single,5.5,3,YouTube,TikTok,Every few hours,Within 30 mins,Daily,Often,Sometimes,Yes,Yes,Daily,Short video/Reels,9.0,6.5,Fair,1-2x/week,6.0,7,4,6,6,6,Yes,Yes,12,28,High,Yes,Yes,Yes,5,4,5,Moderate,15,Yes,Yes,6,Daily,Yes,7,7,Yes,7,2,5,Boredom,Severe,7.2,7.6,3.5,8.0
P0011,synthetic_ai,1,23,18-22,Female,White/Caucasian,Australian,Australia,Undergraduate,Student,Education,In a relationship,5.0,5,TikTok,Instagram,Every few hours,Within 30 mins,Often,Often,Sometimes,Yes,Yes,Often,Lifestyle/Fashion,9.0,7.0,Fair,1-2x/week,6.5,7,4,7,7,7,Yes,Yes,14,32,Moderate,Yes,Yes,Sometimes,5,4,5,Moderate,18,Yes,Yes,6,Often,Yes,7,7,Yes,7,3,8,FOMO,Moderate,6.8,7.2,3.8,7.8
P0012,synthetic_ai,1,19,18-22,Male,Hispanic/Latino,Brazilian,Brazil,High school,Student,Education,Single,6.5,4,Instagram,TikTok,Constantly,Within 5 mins of waking,Daily,Always,Often,Yes,Yes,Daily,Sports/Entertainment,10.5,6.0,Poor,1-2x/week,5.5,8,4,7,6,6,Yes,Yes,10,22,High,Yes,Yes,Yes,4,3,4,Low,12,Yes,Yes,7,Daily,Yes,8,8,Yes,9,2,4,Boredom,Severe,7.9,8.3,2.8,8.7
P0013,synthetic_ai,1,21,18-22,Female,Middle Eastern,Saudi,Saudi Arabia,Undergraduate,Student,Education,Single,6.0,4,Instagram,TikTok,Every few hours,Within 30 mins,Daily,Often,Often,Yes,Yes,Daily,Lifestyle/Fashion,10.0,6.5,Fair,Never,6.0,8,4,7,8,8,Yes,Yes,12,28,High,Yes,Yes,Yes,4,4,4,Low,14,Yes,Yes,7,Daily,Yes,8,8,Yes,8,2,5,Comparison,Severe,7.8,8.1,3.0,8.6
P0014,synthetic_ai,1,24,23-27,Male,South Asian,Indian,India,Undergraduate,Student,Education,Single,5.5,5,YouTube,Instagram,Every few hours,Within 30 mins,Sometimes,Often,Sometimes,Yes,Yes,Often,Educational/News,9.0,7.0,Fair,1-2x/week,7.0,7,3,6,5,5,Yes,Yes,15,35,Moderate,Yes,Sometimes,Sometimes,5,4,5,Moderate,22,Yes,Yes,5,Often,Yes,6,6,Sometimes,6,4,12,Boredom,Moderate,6.2,6.8,4.2,7.2
P0015,synthetic_ai,1,20,18-22,Female,East Asian,South Korean,South Korea,Undergraduate,Student,Education,Single,7.5,6,Instagram,TikTok,Constantly,Within 5 mins of waking,Daily,Always,Always,Yes,Yes,Daily,Short video/Reels,12.0,5.5,Poor,Never,5.5,9,5,9,9,9,Yes,Yes,7,15,High,Yes,Yes,Yes,3,3,3,Low,8,Yes,Yes,9,Daily,Yes,9,9,Yes,10,1,2,Validation seeking,Critical,9.5,9.7,1.8,9.9
P0016,synthetic_ai,1,18,18-22,Male,White/Caucasian,Canadian,Canada,High school,Student,Education,Single,5.0,4,YouTube,Reddit,Every few hours,Within 30 mins,Often,Often,Sometimes,Yes,Yes,Daily,Gaming/Tech content,9.5,7.0,Fair,1-2x/week,6.5,7,4,6,5,6,Yes,Yes,14,30,Moderate,Yes,Yes,Sometimes,5,4,5,Moderate,18,Yes,Yes,6,Often,Yes,7,7,Yes,7,3,8,Boredom,Moderate,6.5,7.0,3.8,7.5
P0017,synthetic_ai,1,22,18-22,Female,Black/African,South African,South Africa,Undergraduate,Student,Education,Single,6.0,4,Instagram,TikTok,Every few hours,Within 30 mins,Daily,Often,Often,Yes,Yes,Daily,Lifestyle/Fashion,10.0,6.5,Fair,1-2x/week,6.0,8,4,7,7,7,Yes,Yes,12,28,High,Yes,Yes,Yes,4,4,4,Low,14,Yes,Yes,7,Daily,Yes,7,7,Yes,8,2,5,Comparison,Severe,7.5,8.0,3.2,8.5
P0018,synthetic_ai,1,25,23-27,Male,East Asian,Chinese,China,Undergraduate,Full-time employed,Technology,Single,5.0,6,WeChat,Weibo,Every few hours,Within 30 mins,Often,Sometimes,Sometimes,Yes,Yes,Often,News/Politics,8.5,7.0,Fair,1-2x/week,8.0,6,3,5,5,4,Yes,Sometimes,18,45,Moderate,Sometimes,Sometimes,Sometimes,5,5,5,Moderate,25,Yes,Sometimes,5,Often,Sometimes,6,5,Sometimes,5,4,14,Boredom,Early,5.5,6.0,4.8,6.5
P0019,synthetic_ai,1,16,13-17,Female,Hispanic/Latino,Colombian,Colombia,High school,Student,Education,Single,7.0,3,TikTok,Instagram,Constantly,Within 5 mins of waking,Daily,Always,Often,Yes,Yes,Daily,Short video/Reels,11.0,5.5,Poor,Never,6.5,9,5,8,8,8,Yes,Yes,8,18,High,Yes,Yes,Yes,3,3,3,Low,10,Yes,Yes,8,Daily,Yes,9,8,Yes,9,2,4,Boredom,Critical,9.0,9.3,2.1,9.6
P0020,synthetic_ai,1,21,18-22,Male,South Asian,Indian,India,Undergraduate,Student,Education,Single,6.5,4,YouTube,Instagram,Every few hours,Within 30 mins,Daily,Often,Sometimes,Yes,Yes,Daily,Gaming/Tech content,10.0,6.0,Poor,Never,6.0,8,4,7,6,6,Yes,Yes,11,24,High,Yes,Yes,Yes,4,3,4,Low,13,Yes,Yes,7,Daily,Yes,8,7,Yes,8,2,5,Boredom,Severe,8.0,8.3,2.8,8.8
P0021,synthetic_ai,1,17,13-17,Female,White/Caucasian,American,USA,High school,Student,Education,Single,7.0,4,Instagram,TikTok,Constantly,Within 5 mins of waking,Daily,Always,Always,Yes,Yes,Daily,Short video/Reels,11.5,5.5,Poor,Never,6.0,9,5,8,8,9,Yes,Yes,8,18,High,Yes,Yes,Yes,3,3,3,Low,10,Yes,Yes,8,Daily,Yes,9,9,Yes,9,2,3,Validation seeking,Critical,9.2,9.5,2.0,9.7
P0022,synthetic_ai,1,23,23-27,Male,East Asian,Japanese,Japan,Undergraduate,Part-time employed,Retail,In a relationship,4.5,5,Twitter/X,YouTube,Every few hours,Within 30 mins,Sometimes,Sometimes,Sometimes,Yes,Yes,Often,News/Politics,8.0,7.0,Fair,1-2x/week,7.5,6,3,5,5,4,Yes,Sometimes,18,45,Moderate,Sometimes,Sometimes,Sometimes,5,5,5,Moderate,28,Yes,Sometimes,5,Often,Sometimes,6,5,Sometimes,5,4,15,Boredom,Early,5.2,5.8,5.0,6.2
P0023,synthetic_ai,1,19,18-22,Female,Black/African,Ghanaian,Ghana,High school,Student,Education,Single,6.5,3,TikTok,Instagram,Constantly,Within 5 mins of waking,Daily,Often,Often,Yes,Yes,Daily,Short video/Reels,10.5,6.0,Poor,1-2x/week,6.0,8,4,7,7,7,Yes,Yes,10,22,High,Yes,Yes,Yes,4,3,4,Low,12,Yes,Yes,7,Daily,Yes,8,8,Yes,8,2,4,Boredom,Severe,7.8,8.2,2.9,8.7
P0024,synthetic_ai,1,20,18-22,Male,Hispanic/Latino,Argentinian,Argentina,Undergraduate,Student,Education,Single,5.5,4,Instagram,TikTok,Every few hours,Within 30 mins,Daily,Often,Sometimes,Yes,Yes,Daily,Sports/Entertainment,9.0,6.5,Fair,1-2x/week,6.5,7,4,6,6,6,Yes,Yes,13,30,High,Yes,Yes,Yes,5,4,5,Moderate,16,Yes,Yes,6,Daily,Yes,7,7,Yes,7,3,8,FOMO,Moderate,6.8,7.3,3.7,7.8
P0025,synthetic_ai,1,22,18-22,Female,South Asian,Sri Lankan,Sri Lanka,Undergraduate,Student,Education,Single,6.0,4,Instagram,Facebook,Every few hours,Within 30 mins,Daily,Often,Often,Yes,Yes,Daily,Lifestyle/Fashion,10.0,6.5,Fair,Never,6.0,8,4,7,8,8,Yes,Yes,12,26,High,Yes,Yes,Yes,4,4,4,Low,13,Yes,Yes,7,Daily,Yes,8,8,Yes,8,2,5,Comparison,Severe,7.6,8.0,3.1,8.5
P0026,synthetic_ai,1,18,18-22,Male,White/Caucasian,German,Germany,High school,Student,Education,Single,4.5,4,YouTube,TikTok,Every few hours,Within 30 mins,Sometimes,Sometimes,Sometimes,Yes,Yes,Often,Gaming/Tech content,8.5,7.0,Fair,1-2x/week,6.5,6,3,5,4,5,Yes,Sometimes,18,40,Moderate,Sometimes,Sometimes,Sometimes,5,4,5,Moderate,20,Yes,Sometimes,5,Often,Sometimes,6,5,Sometimes,5,3,12,Boredom,Early,5.5,6.0,4.8,6.5
P0027,synthetic_ai,1,24,23-27,Female,East Asian,South Korean,South Korea,Undergraduate,Part-time employed,Creative,In a relationship,5.5,6,Instagram,YouTube,Every few hours,Within 30 mins,Daily,Often,Often,Yes,Yes,Daily,Lifestyle/Fashion,9.5,6.5,Fair,1-2x/week,6.0,7,4,7,8,7,Yes,Yes,13,30,High,Yes,Yes,Sometimes,4,4,4,Low,15,Yes,Yes,7,Daily,Yes,7,8,Yes,7,3,8,Comparison,Severe,7.2,7.8,3.4,8.2
P0028,synthetic_ai,1,21,18-22,Male,South Asian,Nepali,Nepal,Undergraduate,Student,Education,Single,5.5,4,YouTube,Facebook,Every few hours,Within 30 mins,Often,Often,Sometimes,Yes,Yes,Often,News/Politics,9.0,6.5,Fair,1-2x/week,6.5,6,3,5,5,5,Yes,Sometimes,16,38,Moderate,Sometimes,Yes,Sometimes,5,4,5,Moderate,20,Yes,Yes,5,Often,Yes,6,5,Sometimes,6,3,10,Boredom,Early,5.8,6.2,4.5,6.8
P0029,synthetic_ai,1,17,13-17,Female,Middle Eastern,Turkish,Turkey,High school,Student,Education,Single,7.0,4,Instagram,TikTok,Constantly,Within 5 mins of waking,Daily,Always,Often,Yes,Yes,Daily,Short video/Reels,11.0,5.5,Poor,Never,6.0,9,5,8,8,8,Yes,Yes,9,20,High,Yes,Yes,Yes,3,3,3,Low,10,Yes,Yes,8,Daily,Yes,9,8,Yes,9,2,3,Comparison,Critical,9.0,9.3,2.2,9.6
P0030,synthetic_ai,1,20,18-22,Male,Black/African,Ethiopian,Ethiopia,High school,Student,Education,Single,5.0,3,YouTube,Facebook,Every few hours,Within 30 mins,Often,Sometimes,Sometimes,Yes,Yes,Often,Educational/News,8.5,7.0,Fair,1-2x/week,6.5,6,3,5,5,4,Yes,Sometimes,16,38,Moderate,Sometimes,Sometimes,Sometimes,5,4,5,Moderate,20,Yes,Sometimes,5,Often,Sometimes,6,5,Sometimes,5,3,10,Boredom,Early,5.5,6.0,4.8,6.5
P0031,synthetic_ai,1,23,23-27,Female,White/Caucasian,French,France,Undergraduate,Student,Education,In a relationship,5.0,5,Instagram,TikTok,Every few hours,Within 30 mins,Often,Often,Sometimes,Yes,Yes,Often,Lifestyle/Fashion,9.0,7.0,Fair,1-2x/week,6.5,7,3,7,7,6,Yes,Yes,14,33,Moderate,Yes,Sometimes,Sometimes,5,4,5,Moderate,18,Yes,Yes,6,Often,Yes,7,7,Yes,7,3,9,Comparison,Moderate,6.5,7.0,3.9,7.5
P0032,synthetic_ai,1,19,18-22,Male,East Asian,Filipino,Philippines,High school,Student,Education,Single,7.0,5,Facebook,TikTok,Constantly,Within 5 mins of waking,Daily,Always,Often,Yes,Yes,Daily,Short video/Reels,11.0,5.5,Poor,Never,6.0,9,5,8,6,7,Yes,Yes,9,20,High,Yes,Yes,Yes,4,3,4,Low,11,Yes,Yes,7,Daily,Yes,8,8,Yes,9,2,4,Boredom,Critical,8.8,9.0,2.4,9.4
P0033,synthetic_ai,1,22,18-22,Female,South Asian,Indian,India,Undergraduate,Student,Education,Single,7.5,5,Instagram,YouTube,Constantly,Within 5 mins of waking,Daily,Always,Often,Yes,Yes,Daily,Short video/Reels,11.5,6.0,Poor,Never,5.5,9,5,8,9,9,Yes,Yes,8,17,High,Yes,Yes,Yes,3,3,3,Low,9,Yes,Yes,8,Daily,Yes,9,9,Yes,10,1,2,Validation seeking,Critical,9.4,9.6,1.9,9.8
P0034,synthetic_ai,1,25,23-27,Male,White/Caucasian,American,USA,Undergraduate,Full-time employed,Technology,In a relationship,4.5,7,YouTube,Reddit,Every few hours,Within 30 mins,Sometimes,Sometimes,Sometimes,Yes,Yes,Often,Gaming/Tech content,8.5,7.5,Fair,1-2x/week,8.0,6,3,5,4,4,Yes,Sometimes,20,50,Moderate,Sometimes,Sometimes,Sometimes,5,5,5,Moderate,28,Yes,Sometimes,4,Often,Sometimes,5,4,Sometimes,5,5,18,Boredom,Early,5.0,5.5,5.2,6.0
P0035,synthetic_ai,1,16,13-17,Female,Black/African,Nigerian,Nigeria,High school,Student,Education,Single,8.0,4,TikTok,Instagram,Constantly,Within 5 mins of waking,Daily,Always,Always,Yes,Yes,Daily,Short video/Reels,12.0,5.0,Very poor,Never,6.0,10,5,9,8,9,Yes,Yes,7,14,High,Yes,Yes,Yes,3,2,3,Low,8,Yes,Yes,9,Daily,Yes,10,9,Yes,10,1,1,Boredom,Critical,9.5,9.8,1.5,9.9
P0036,synthetic_ai,1,21,18-22,Male,Hispanic/Latino,Mexican,Mexico,Undergraduate,Student,Education,Single,5.5,4,YouTube,TikTok,Every few hours,Within 30 mins,Daily,Often,Sometimes,Yes,Yes,Daily,Sports/Entertainment,9.5,6.5,Fair,1-2x/week,6.0,7,3,6,5,6,Yes,Sometimes,14,32,Moderate,Yes,Sometimes,Sometimes,5,4,5,Moderate,18,Yes,Yes,6,Often,Yes,7,7,Yes,7,3,8,FOMO,Moderate,6.5,7.0,3.8,7.5
P0037,synthetic_ai,1,24,23-27,Female,East Asian,Chinese,China,Undergraduate,Student,Education,In a relationship,6.0,6,WeChat,Douyin/TikTok,Every few hours,Within 30 mins,Daily,Often,Often,Yes,Yes,Daily,Short video/Reels,10.0,6.5,Fair,1-2x/week,6.0,8,4,7,7,7,Yes,Yes,12,28,High,Yes,Yes,Yes,4,4,4,Low,14,Yes,Yes,7,Daily,Yes,8,7,Yes,8,2,5,Validation seeking,Severe,7.5,8.0,3.2,8.5
P0038,synthetic_ai,1,18,18-22,Male,South Asian,Pakistani,Pakistan,High school,Student,Education,Single,6.0,3,YouTube,TikTok,Constantly,Within 5 mins of waking,Daily,Often,Often,Yes,Yes,Daily,Gaming/Tech content,10.0,6.0,Poor,Never,6.0,8,4,7,6,7,Yes,Yes,10,22,High,Yes,Yes,Yes,4,3,4,Low,12,Yes,Yes,7,Daily,Yes,8,8,Yes,8,2,5,Boredom,Severe,7.9,8.3,2.8,8.8
P0039,synthetic_ai,1,20,18-22,Female,White/Caucasian,British,UK,Undergraduate,Part-time employed,Retail,Single,5.0,5,TikTok,Instagram,Every few hours,Within 30 mins,Daily,Often,Sometimes,Yes,Yes,Often,Lifestyle/Fashion,9.0,7.0,Fair,1-2x/week,6.5,7,4,7,8,7,Yes,Yes,14,33,Moderate,Yes,Yes,Sometimes,5,4,5,Moderate,18,Yes,Yes,6,Often,Yes,7,7,Yes,7,3,9,FOMO,Moderate,6.8,7.2,3.8,7.8
P0040,synthetic_ai,1,22,18-22,Male,Middle Eastern,Iranian,Iran,Undergraduate,Student,Education,Single,5.5,5,Instagram,Telegram,Every few hours,Within 30 mins,Often,Often,Sometimes,Yes,Yes,Daily,News/Politics,9.5,6.5,Fair,1-2x/week,6.5,7,3,6,6,5,Yes,Sometimes,14,33,Moderate,Yes,Sometimes,Sometimes,5,4,5,Moderate,18,Yes,Yes,6,Often,Yes,7,6,Yes,7,3,10,Boredom,Moderate,6.5,7.0,3.9,7.4
P0041,synthetic_ai,1,19,18-22,Female,East Asian,Vietnamese,Vietnam,High school,Student,Education,Single,6.5,4,TikTok,Facebook,Constantly,Within 5 mins of waking,Daily,Often,Often,Yes,Yes,Daily,Short video/Reels,10.5,6.0,Poor,Never,6.0,8,4,7,7,7,Yes,Yes,10,22,High,Yes,Yes,Yes,4,3,4,Low,12,Yes,Yes,7,Daily,Yes,8,7,Yes,8,2,4,Boredom,Severe,7.8,8.2,2.9,8.7
P0042,synthetic_ai,1,23,23-27,Male,Black/African,Cameroonian,Cameroon,Undergraduate,Student,Education,Single,5.5,4,YouTube,Facebook,Every few hours,Within 30 mins,Often,Sometimes,Sometimes,Yes,Yes,Often,Educational/News,9.0,7.0,Fair,1-2x/week,6.5,6,3,5,5,4,Yes,Sometimes,17,40,Moderate,Sometimes,Sometimes,Sometimes,5,4,5,Moderate,22,Yes,Sometimes,5,Often,Sometimes,6,5,Sometimes,5,3,10,Boredom,Early,5.5,6.0,4.8,6.5
P0043,synthetic_ai,1,21,18-22,Female,Hispanic/Latino,Venezuelan,Venezuela,Undergraduate,Student,Education,Single,6.5,4,Instagram,TikTok,Constantly,Within 5 mins of waking,Daily,Often,Often,Yes,Yes,Daily,Short video/Reels,10.5,6.0,Poor,Never,5.5,8,4,7,8,8,Yes,Yes,10,22,High,Yes,Yes,Yes,4,4,4,Low,12,Yes,Yes,7,Daily,Yes,8,8,Yes,9,2,4,Comparison,Severe,7.8,8.2,2.9,8.7
P0044,synthetic_ai,1,17,13-17,Male,White/Caucasian,Australian,Australia,High school,Student,Education,Single,6.5,4,YouTube,TikTok,Constantly,Within 5 mins of waking,Daily,Often,Often,Yes,Yes,Daily,Gaming/Tech content,10.5,6.0,Poor,1-2x/week,6.0,8,4,7,6,6,Yes,Yes,10,22,High,Yes,Yes,Yes,4,3,4,Low,12,Yes,Yes,7,Daily,Yes,8,7,Yes,8,2,5,Boredom,Severe,7.9,8.3,2.8,8.8
P0045,synthetic_ai,1,24,23-27,Female,South Asian,Indian,India,Undergraduate,Full-time employed,Technology,In a relationship,5.0,6,Instagram,YouTube,Every few hours,Within 30 mins,Sometimes,Sometimes,Sometimes,Yes,Yes,Often,Lifestyle/Fashion,8.5,7.5,Fair,1-2x/week,8.0,6,3,6,6,5,Yes,Sometimes,18,44,Moderate,Sometimes,Sometimes,Sometimes,5,5,5,Moderate,24,Yes,Sometimes,5,Often,Sometimes,5,6,Sometimes,5,4,14,Comparison,Early,5.2,5.8,5.0,6.2
P0046,synthetic_ai,1,20,18-22,Male,East Asian,Thai,Thailand,Undergraduate,Student,Education,Single,6.0,4,YouTube,TikTok,Every few hours,Within 30 mins,Daily,Often,Sometimes,Yes,Yes,Daily,Short video/Reels,10.0,6.5,Fair,1-2x/week,6.0,7,4,6,6,6,Yes,Yes,12,28,High,Yes,Yes,Sometimes,4,4,4,Low,14,Yes,Yes,6,Daily,Yes,7,7,Yes,7,2,6,Boredom,Severe,7.2,7.7,3.5,8.1
P0047,synthetic_ai,1,16,13-17,Female,White/Caucasian,Canadian,Canada,High school,Student,Education,Single,7.5,4,Instagram,TikTok,Constantly,Within 5 mins of waking,Daily,Always,Always,Yes,Yes,Daily,Short video/Reels,11.5,5.5,Poor,Never,6.0,9,5,8,8,8,Yes,Yes,8,17,High,Yes,Yes,Yes,3,3,3,Low,9,Yes,Yes,8,Daily,Yes,9,9,Yes,9,2,3,Validation seeking,Critical,9.2,9.5,2.0,9.7
P0048,synthetic_ai,1,22,18-22,Male,Black/African,Zimbabwean,Zimbabwe,Undergraduate,Student,Education,Single,5.5,3,YouTube,Facebook,Every few hours,Within 30 mins,Often,Often,Sometimes,Yes,Yes,Often,Educational/News,9.0,7.0,Fair,1-2x/week,6.5,6,3,5,5,4,Yes,Sometimes,16,38,Moderate,Sometimes,Sometimes,Sometimes,5,4,5,Moderate,20,Yes,Sometimes,5,Often,Sometimes,6,5,Sometimes,5,3,10,Boredom,Early,5.5,6.0,4.8,6.5
P0049,synthetic_ai,1,25,23-27,Female,East Asian,Malaysian,Malaysia,Undergraduate,Full-time employed,Finance,Single,5.0,6,Instagram,TikTok,Every few hours,Within 30 mins,Sometimes,Sometimes,Sometimes,Yes,Yes,Often,Lifestyle/Fashion,8.5,7.5,Fair,1-2x/week,8.5,6,3,6,6,5,Yes,Sometimes,20,48,Moderate,Sometimes,Sometimes,Sometimes,5,5,5,Moderate,26,Yes,Sometimes,5,Often,Sometimes,5,6,Sometimes,5,4,15,Comparison,Early,5.0,5.6,5.1,6.0
P0050,synthetic_ai,1,18,18-22,Male,Hispanic/Latino,Peruvian,Peru,High school,Student,Education,Single,6.0,3,TikTok,YouTube,Constantly,Within 5 mins of waking,Daily,Often,Often,Yes,Yes,Daily,Short video/Reels,10.0,6.0,Poor,Never,6.0,8,4,7,6,7,Yes,Yes,10,22,High,Yes,Yes,Yes,4,3,4,Low,12,Yes,Yes,7,Daily,Yes,8,8,Yes,8,2,4,Boredom,Severe,7.9,8.3,2.8,8.8
P0051,synthetic_ai,1,21,18-22,Female,Middle Eastern,Lebanese,Lebanon,Undergraduate,Student,Education,Single,6.5,5,Instagram,TikTok,Constantly,Within 5 mins of waking,Daily,Always,Often,Yes,Yes,Daily,Lifestyle/Fashion,10.5,6.0,Poor,1-2x/week,5.5,8,4,7,8,8,Yes,Yes,10,22,High,Yes,Yes,Yes,4,4,4,Low,12,Yes,Yes,7,Daily,Yes,8,8,Yes,9,2,5,Comparison,Severe,7.8,8.2,2.9,8.7
P0052,synthetic_ai,1,23,23-27,Male,White/Caucasian,American,USA,Undergraduate,Part-time employed,Hospitality,In a relationship,4.5,5,YouTube,Reddit,Every few hours,Within 30 mins,Sometimes,Sometimes,Sometimes,Yes,Yes,Often,Gaming/Tech content,8.5,7.5,Fair,1-2x/week,7.5,6,3,5,4,4,Yes,Sometimes,20,50,Moderate,Sometimes,Sometimes,Sometimes,5,5,5,Moderate,28,Yes,Sometimes,4,Often,Sometimes,5,4,Sometimes,5,4,16,Boredom,Early,5.0,5.5,5.2,6.0
P0053,synthetic_ai,1,19,18-22,Female,South Asian,Bangladeshi,Bangladesh,High school,Student,Education,Single,7.5,4,TikTok,Instagram,Constantly,Within 5 mins of waking,Daily,Always,Always,Yes,Yes,Daily,Short video/Reels,11.5,5.5,Poor,Never,5.5,9,5,8,8,9,Yes,Yes,8,17,High,Yes,Yes,Yes,3,3,3,Low,9,Yes,Yes,8,Daily,Yes,9,9,Yes,10,2,3,Validation seeking,Critical,9.4,9.6,1.8,9.8
P0054,synthetic_ai,1,24,23-27,Male,East Asian,Indonesian,Indonesia,Undergraduate,Full-time employed,Retail,Single,5.5,6,Instagram,TikTok,Every few hours,Within 30 mins,Sometimes,Sometimes,Sometimes,Yes,Yes,Often,Entertainment/News,8.5,7.5,Fair,1-2x/week,8.0,6,3,5,5,4,Yes,Sometimes,20,48,Moderate,Sometimes,Sometimes,Sometimes,5,5,5,Moderate,26,Yes,Sometimes,4,Often,Sometimes,5,5,Sometimes,5,4,14,Boredom,Early,5.2,5.7,5.0,6.1
P0055,synthetic_ai,1,20,18-22,Female,Black/African,Senegalese,Senegal,Undergraduate,Student,Education,Single,5.5,3,Facebook,TikTok,Every few hours,Within 30 mins,Daily,Often,Often,Yes,Yes,Daily,Short video/Reels,9.5,6.5,Fair,1-2x/week,6.0,7,4,6,7,6,Yes,Yes,12,28,High,Yes,Yes,Sometimes,4,4,4,Low,14,Yes,Yes,6,Daily,Yes,7,7,Yes,8,2,6,FOMO,Moderate,6.8,7.2,3.7,7.8
P0056,synthetic_ai,1,22,18-22,Male,White/Caucasian,Spanish,Spain,Undergraduate,Student,Education,In a relationship,5.0,4,Instagram,TikTok,Every few hours,Within 30 mins,Often,Sometimes,Sometimes,Yes,Yes,Often,Sports/Entertainment,8.5,7.0,Fair,1-2x/week,6.5,6,3,5,5,5,Yes,Sometimes,16,38,Moderate,Sometimes,Sometimes,Sometimes,5,4,5,Moderate,20,Yes,Sometimes,5,Often,Sometimes,6,5,Sometimes,5,3,10,Boredom,Early,5.5,6.0,4.8,6.5
P0057,synthetic_ai,1,17,13-17,Female,South Asian,Indian,India,High school,Student,Education,Single,8.0,5,Instagram,YouTube,Constantly,Within 5 mins of waking,Daily,Always,Always,Yes,Yes,Daily,Short video/Reels,12.0,5.0,Very poor,Never,6.0,10,5,9,9,9,Yes,Yes,7,14,High,Yes,Yes,Yes,3,2,3,Low,8,Yes,Yes,9,Daily,Yes,10,9,Yes,10,1,1,Validation seeking,Critical,9.5,9.8,1.5,9.9
P0058,synthetic_ai,1,25,23-27,Male,Hispanic/Latino,Colombian,Colombia,Undergraduate,Full-time employed,Business,Single,4.5,6,Instagram,YouTube,Every few hours,Within 30 mins,Sometimes,Sometimes,Sometimes,Yes,Yes,Often,News/Entertainment,8.0,7.5,Good,1-2x/week,8.5,5,3,5,4,4,Yes,Sometimes,22,55,Moderate,Sometimes,Sometimes,Sometimes,6,5,6,Moderate,30,Yes,Sometimes,4,Often,Sometimes,5,4,Sometimes,5,5,18,Boredom,Early,4.8,5.4,5.4,5.8
P0059,synthetic_ai,1,18,18-22,Female,East Asian,Thai,Thailand,High school,Student,Education,Single,7.0,4,TikTok,Instagram,Constantly,Within 5 mins of waking,Daily,Always,Often,Yes,Yes,Daily,Short video/Reels,11.0,5.5,Poor,Never,6.0,9,5,8,8,8,Yes,Yes,8,18,High,Yes,Yes,Yes,3,3,3,Low,10,Yes,Yes,8,Daily,Yes,9,8,Yes,9,2,3,Boredom,Critical,9.0,9.3,2.2,9.6
P0060,synthetic_ai,1,23,23-27,Male,Middle Eastern,Egyptian,Egypt,Undergraduate,Student,Education,Single,5.5,5,YouTube,Facebook,Every few hours,Within 30 mins,Often,Often,Sometimes,Yes,Yes,Often,News/Politics,9.0,7.0,Fair,1-2x/week,6.5,6,3,5,5,5,Yes,Sometimes,16,38,Moderate,Sometimes,Sometimes,Sometimes,5,4,5,Moderate,20,Yes,Sometimes,5,Often,Sometimes,6,5,Sometimes,5,3,10,Boredom,Early,5.8,6.2,4.5,6.8

P0061,synthetic_ai,1,26,23-27,Female,White/Caucasian,American,USA,Undergraduate,Full-time employed,Technology,In a relationship,4.0,7,Instagram,LinkedIn,2-3 times a day,Within 30 mins,Sometimes,Sometimes,Rarely,Yes,Sometimes,Sometimes,Lifestyle/Fashion,8.0,7.5,Good,3-4x/week,8.5,5,3,5,5,4,Sometimes,Sometimes,22,55,Low,Sometimes,Sometimes,Rarely,6,6,6,Good,32,Sometimes,Sometimes,4,Rarely,Sometimes,4,4,Rarely,4,5,20,Peer pressure,Early,4.5,5.0,5.8,5.5
P0062,synthetic_ai,1,28,28-35,Male,East Asian,Chinese,China,Postgraduate,Full-time employed,Technology,Single,3.5,8,WeChat,LinkedIn,2-3 times a day,Within 30 mins,Rarely,Sometimes,Rarely,Yes,Rarely,Rarely,News/Professional,7.0,7.5,Good,3-4x/week,9.5,4,2,4,3,3,Sometimes,Rarely,28,70,Low,Rarely,Sometimes,Rarely,7,6,7,Good,40,Rarely,Rarely,3,Rarely,Rarely,3,4,Rarely,3,6,25,Boredom,None/Minimal,3.2,3.8,7.0,4.0
P0063,synthetic_ai,1,25,23-27,Female,South Asian,Indian,India,Postgraduate,Full-time employed,Finance,Single,4.5,6,Instagram,LinkedIn,Every few hours,Within 30 mins,Sometimes,Often,Sometimes,Yes,Sometimes,Often,Lifestyle/Fashion,8.5,7.0,Fair,1-2x/week,8.5,6,3,6,6,5,Yes,Sometimes,18,44,Moderate,Sometimes,Sometimes,Sometimes,5,5,5,Moderate,24,Yes,Sometimes,5,Often,Sometimes,5,5,Sometimes,5,4,14,FOMO,Early,5.2,5.8,5.0,6.2
P0064,synthetic_ai,1,30,28-35,Male,Black/African,Nigerian,Nigeria,Undergraduate,Full-time employed,Business,In a relationship,3.5,7,Instagram,LinkedIn,2-3 times a day,Within 30 mins,Rarely,Sometimes,Rarely,Yes,Rarely,Rarely,News/Professional,7.5,7.5,Good,3-4x/week,9.0,4,2,4,3,3,Sometimes,Rarely,26,65,Low,Rarely,Sometimes,Rarely,7,6,7,Good,38,Rarely,Rarely,3,Rarely,Rarely,3,4,Rarely,3,6,22,Boredom,None/Minimal,3.5,4.0,6.8,4.2
P0065,synthetic_ai,1,27,23-27,Female,White/Caucasian,British,UK,Postgraduate,Full-time employed,Healthcare,In a relationship,3.0,7,Instagram,Facebook,2-3 times a day,Within 30 mins,Rarely,Rarely,Rarely,No,Rarely,Rarely,Lifestyle/News,7.0,8.0,Good,3-4x/week,9.0,4,2,4,4,3,Rarely,Rarely,28,70,Low,Rarely,Rarely,Rarely,7,7,7,Good,40,Rarely,Rarely,3,Rarely,Rarely,3,3,Rarely,3,6,28,Boredom,None/Minimal,2.8,3.4,7.5,3.5
P0066,synthetic_ai,1,32,28-35,Male,Hispanic/Latino,Mexican,Mexico,Undergraduate,Full-time employed,Engineering,Married,3.0,8,Instagram,YouTube,2-3 times a day,Within 30 mins,Rarely,Sometimes,Rarely,Yes,Rarely,Rarely,Sports/News,7.0,7.5,Good,3-4x/week,9.0,4,2,4,4,3,Sometimes,Rarely,26,65,Low,Rarely,Rarely,Rarely,7,6,7,Good,38,Rarely,Rarely,3,Rarely,Rarely,3,4,Rarely,3,6,24,Boredom,None/Minimal,3.2,3.8,7.0,4.0
P0067,synthetic_ai,1,29,28-35,Female,East Asian,Japanese,Japan,Postgraduate,Full-time employed,Finance,Single,4.0,7,Instagram,Twitter/X,Every few hours,Within 30 mins,Sometimes,Sometimes,Sometimes,Yes,Sometimes,Sometimes,Lifestyle/News,8.0,7.5,Fair,1-2x/week,8.5,5,3,5,5,4,Sometimes,Sometimes,22,52,Moderate,Sometimes,Sometimes,Sometimes,5,5,5,Moderate,28,Yes,Sometimes,4,Sometimes,Sometimes,4,5,Sometimes,4,5,18,Comparison,Moderate,5.0,5.5,5.2,6.0
P0068,synthetic_ai,1,26,23-27,Male,South Asian,Pakistani,Pakistan,Undergraduate,Full-time employed,Technology,Single,5.0,5,YouTube,Instagram,Every few hours,Within 30 mins,Often,Often,Sometimes,Yes,Yes,Often,Gaming/Tech content,9.0,7.0,Fair,1-2x/week,8.0,6,3,5,5,5,Yes,Sometimes,16,38,Moderate,Sometimes,Sometimes,Sometimes,5,5,5,Moderate,22,Yes,Sometimes,5,Often,Sometimes,6,5,Sometimes,5,4,12,Boredom,Early,5.5,6.0,4.8,6.5
P0069,synthetic_ai,1,34,28-35,Female,White/Caucasian,Australian,Australia,Postgraduate,Full-time employed,Healthcare,Married,2.5,8,Facebook,Instagram,2-3 times a day,Within 1 hour,Rarely,Rarely,Rarely,No,Rarely,Rarely,Health/Parenting,6.5,8.0,Good,Daily,8.5,3,2,3,3,2,Rarely,Rarely,35,90,Low,Rarely,Rarely,Rarely,8,7,8,Good,50,Rarely,Rarely,2,Rarely,Rarely,2,3,Rarely,2,7,35,Boredom,None/Minimal,2.2,2.8,8.2,2.8
P0070,synthetic_ai,1,27,23-27,Male,Black/African,South African,South Africa,Undergraduate,Full-time employed,Creative,Single,4.5,5,Instagram,YouTube,Every few hours,Within 30 mins,Sometimes,Often,Sometimes,Yes,Sometimes,Often,Creative/Art,8.5,7.0,Fair,1-2x/week,7.5,6,3,5,5,4,Sometimes,Sometimes,18,42,Moderate,Sometimes,Sometimes,Sometimes,5,5,5,Moderate,22,Yes,Sometimes,5,Often,Sometimes,5,5,Sometimes,5,4,14,Boredom,Early,5.2,5.8,5.0,6.2
P0071,synthetic_ai,1,31,28-35,Female,South Asian,Indian,India,Postgraduate,Full-time employed,Education,Married,3.5,8,Instagram,YouTube,2-3 times a day,Within 30 mins,Rarely,Sometimes,Rarely,Yes,Rarely,Rarely,Educational/Parenting,7.5,7.5,Good,3-4x/week,8.5,4,2,4,4,3,Sometimes,Rarely,26,65,Low,Rarely,Sometimes,Rarely,7,6,7,Good,38,Rarely,Rarely,3,Rarely,Rarely,3,4,Rarely,3,6,22,Boredom,None/Minimal,3.5,4.0,6.8,4.2
P0072,synthetic_ai,1,25,23-27,Male,East Asian,South Korean,South Korea,Undergraduate,Full-time employed,Technology,Single,5.5,6,YouTube,Instagram,Every few hours,Within 30 mins,Often,Often,Sometimes,Yes,Yes,Often,Gaming/Tech content,9.5,6.5,Fair,1-2x/week,8.0,7,3,6,5,5,Yes,Sometimes,15,35,Moderate,Sometimes,Yes,Sometimes,5,5,5,Moderate,20,Yes,Yes,5,Often,Yes,6,5,Sometimes,6,4,12,Boredom,Moderate,5.8,6.4,4.6,6.8
P0073,synthetic_ai,1,28,28-35,Female,Hispanic/Latino,Brazilian,Brazil,Postgraduate,Full-time employed,Marketing,In a relationship,4.5,7,Instagram,TikTok,Every few hours,Within 30 mins,Sometimes,Sometimes,Sometimes,Yes,Sometimes,Sometimes,Lifestyle/Fashion,8.5,7.5,Fair,1-2x/week,8.5,5,3,5,6,5,Sometimes,Sometimes,20,48,Moderate,Sometimes,Sometimes,Sometimes,5,5,5,Moderate,26,Yes,Sometimes,5,Sometimes,Sometimes,5,5,Sometimes,5,4,15,Comparison,Early,5.0,5.6,5.1,6.0
P0074,synthetic_ai,1,33,28-35,Male,White/Caucasian,American,USA,Postgraduate,Full-time employed,Finance,Married,2.5,9,LinkedIn,Twitter/X,2-3 times a day,Within 1 hour,Rarely,Rarely,Rarely,No,Rarely,Rarely,Professional/News,6.5,8.0,Good,3-4x/week,9.5,3,2,3,3,2,Rarely,Rarely,35,90,Low,Rarely,Rarely,Rarely,8,7,8,Good,48,Rarely,Rarely,2,Rarely,Rarely,2,2,Rarely,2,7,40,N/A,None/Minimal,2.0,2.6,8.5,2.5
P0075,synthetic_ai,1,29,28-35,Female,Middle Eastern,Turkish,Turkey,Undergraduate,Full-time employed,Education,In a relationship,4.0,6,Instagram,YouTube,Every few hours,Within 30 mins,Sometimes,Sometimes,Sometimes,Yes,Sometimes,Sometimes,Educational/Lifestyle,8.0,7.5,Good,1-2x/week,8.0,5,3,5,5,4,Sometimes,Sometimes,22,54,Moderate,Sometimes,Sometimes,Rarely,5,5,5,Moderate,28,Sometimes,Sometimes,4,Sometimes,Sometimes,4,4,Sometimes,4,5,18,FOMO,Early,4.8,5.4,5.4,5.8
P0076,synthetic_ai,1,35,28-35,Male,East Asian,Chinese,China,Postgraduate,Full-time employed,Technology,Married,2.0,10,WeChat,LinkedIn,2-3 times a day,Within 1 hour,Rarely,Rarely,Rarely,No,Rarely,Rarely,Professional/News,6.0,8.5,Good,Daily,9.5,3,2,3,2,2,Rarely,Rarely,38,95,Low,Rarely,Rarely,Rarely,9,8,9,Good,55,Rarely,Rarely,2,Rarely,Rarely,2,2,Rarely,2,8,45,N/A,None/Minimal,1.8,2.4,8.8,2.2
P0077,synthetic_ai,1,27,23-27,Female,White/Caucasian,German,Germany,Postgraduate,Full-time employed,Research,Single,3.5,7,Instagram,Twitter/X,2-3 times a day,Within 30 mins,Sometimes,Sometimes,Rarely,Yes,Rarely,Sometimes,News/Professional,7.5,7.5,Good,3-4x/week,9.0,4,2,4,4,3,Sometimes,Rarely,26,65,Low,Rarely,Sometimes,Rarely,7,6,7,Good,38,Rarely,Rarely,3,Rarely,Rarely,3,3,Rarely,3,6,25,Boredom,None/Minimal,3.2,3.8,7.0,4.0
P0078,synthetic_ai,1,30,28-35,Male,South Asian,Indian,India,Postgraduate,Full-time employed,Technology,In a relationship,4.5,8,Instagram,LinkedIn,Every few hours,Within 30 mins,Sometimes,Often,Sometimes,Yes,Sometimes,Often,Tech/Professional,8.5,7.0,Fair,1-2x/week,9.0,5,3,5,5,4,Sometimes,Sometimes,20,48,Moderate,Sometimes,Sometimes,Sometimes,5,5,5,Moderate,26,Yes,Sometimes,5,Sometimes,Sometimes,5,5,Sometimes,5,4,14,Boredom,Early,5.2,5.8,5.0,6.2
P0079,synthetic_ai,1,26,23-27,Female,Black/African,Kenyan,Kenya,Undergraduate,Full-time employed,Government,Single,4.0,5,Facebook,Instagram,Every few hours,Within 30 mins,Sometimes,Sometimes,Sometimes,Yes,Sometimes,Sometimes,News/Social issues,8.0,7.5,Good,1-2x/week,8.0,5,2,5,4,4,Sometimes,Sometimes,22,55,Low,Sometimes,Rarely,Rarely,6,6,6,Good,30,Sometimes,Rarely,4,Rarely,Sometimes,4,4,Rarely,4,5,18,FOMO,Early,4.5,5.0,5.8,5.5
P0080,synthetic_ai,1,34,28-35,Male,White/Caucasian,British,UK,Postgraduate,Full-time employed,Finance,Married,2.5,9,LinkedIn,Twitter/X,2-3 times a day,Within 1 hour,Rarely,Rarely,Rarely,No,Rarely,Rarely,Financial/News,6.5,8.0,Good,3-4x/week,9.5,3,2,3,3,2,Rarely,Rarely,35,90,Low,Rarely,Rarely,Rarely,8,7,8,Good,50,Rarely,Rarely,2,Rarely,Rarely,2,2,Rarely,2,7,42,N/A,None/Minimal,2.0,2.6,8.5,2.5
P0081,synthetic_ai,1,28,28-35,Female,East Asian,Vietnamese,Vietnam,Undergraduate,Full-time employed,Retail,In a relationship,5.0,6,TikTok,Facebook,Every few hours,Within 30 mins,Sometimes,Often,Sometimes,Yes,Sometimes,Often,Short video/Lifestyle,9.0,7.0,Fair,1-2x/week,7.5,6,3,5,5,5,Sometimes,Sometimes,18,42,Moderate,Sometimes,Sometimes,Sometimes,5,5,5,Moderate,22,Yes,Sometimes,5,Often,Sometimes,5,5,Sometimes,5,4,12,Boredom,Early,5.5,6.0,4.8,6.5
P0082,synthetic_ai,1,25,23-27,Male,Hispanic/Latino,Colombian,Colombia,Undergraduate,Full-time employed,Hospitality,Single,4.5,5,Instagram,YouTube,Every few hours,Within 30 mins,Sometimes,Often,Sometimes,Yes,Sometimes,Often,Lifestyle/Entertainment,8.5,7.0,Fair,1-2x/week,8.0,6,3,5,5,4,Sometimes,Sometimes,20,48,Moderate,Sometimes,Sometimes,Sometimes,5,5,5,Moderate,24,Yes,Sometimes,5,Often,Sometimes,5,5,Sometimes,5,4,14,FOMO,Early,5.2,5.8,5.0,6.2
P0083,synthetic_ai,1,31,28-35,Female,White/Caucasian,Australian,Australia,Postgraduate,Full-time employed,Healthcare,In a relationship,2.5,8,Facebook,Instagram,2-3 times a day,Within 1 hour,Rarely,Rarely,Rarely,No,Rarely,Rarely,Health/Professional,6.5,8.0,Good,Daily,9.0,3,2,3,3,2,Rarely,Rarely,35,88,Low,Rarely,Rarely,Rarely,8,7,8,Good,50,Rarely,Rarely,2,Rarely,Rarely,2,2,Rarely,2,7,35,Boredom,None/Minimal,2.2,2.8,8.2,2.8
P0084,synthetic_ai,1,29,28-35,Male,South Asian,Pakistani,Pakistan,Postgraduate,Full-time employed,Engineering,Married,3.0,8,YouTube,LinkedIn,2-3 times a day,Within 30 mins,Rarely,Sometimes,Rarely,Yes,Rarely,Rarely,Tech/Professional,7.0,8.0,Good,3-4x/week,9.0,4,2,4,3,3,Sometimes,Rarely,28,70,Low,Rarely,Sometimes,Rarely,7,6,7,Good,40,Rarely,Rarely,3,Rarely,Rarely,3,3,Rarely,3,6,28,Boredom,None/Minimal,3.0,3.6,7.2,3.8
P0085,synthetic_ai,1,27,23-27,Female,Black/African,Ghanaian,Ghana,Undergraduate,Full-time employed,Education,Single,4.0,5,Facebook,Instagram,Every few hours,Within 30 mins,Sometimes,Sometimes,Sometimes,Yes,Sometimes,Sometimes,Educational/Social,8.0,7.5,Good,1-2x/week,7.5,5,2,5,5,4,Sometimes,Sometimes,22,55,Low,Sometimes,Rarely,Rarely,6,6,6,Good,30,Sometimes,Rarely,4,Rarely,Sometimes,4,4,Rarely,4,5,18,Boredom,Early,4.5,5.0,5.8,5.5
P0086,synthetic_ai,1,33,28-35,Male,White/Caucasian,Canadian,Canada,Postgraduate,Full-time employed,Technology,Married,2.0,9,LinkedIn,Reddit,2-3 times a day,Within 1 hour,Rarely,Rarely,Rarely,No,Rarely,Rarely,Tech/Professional,6.0,8.5,Good,Daily,9.5,3,2,3,2,2,Rarely,Rarely,38,95,Low,Rarely,Rarely,Rarely,9,8,9,Good,55,Rarely,Rarely,2,Rarely,Rarely,2,2,Rarely,2,8,45,N/A,None/Minimal,1.8,2.4,8.8,2.2
P0087,synthetic_ai,1,26,23-27,Female,East Asian,Japanese,Japan,Postgraduate,Full-time employed,Finance,Single,3.5,6,Instagram,Twitter/X,2-3 times a day,Within 30 mins,Sometimes,Sometimes,Rarely,Yes,Rarely,Sometimes,Lifestyle/News,7.5,7.5,Good,3-4x/week,8.5,4,2,4,4,3,Sometimes,Rarely,26,65,Low,Rarely,Sometimes,Rarely,7,6,7,Good,40,Rarely,Rarely,3,Rarely,Rarely,3,3,Rarely,3,6,24,Boredom,None/Minimal,3.2,3.8,7.0,4.0
P0088,synthetic_ai,1,30,28-35,Male,Hispanic/Latino,Argentinian,Argentina,Undergraduate,Full-time employed,Creative,In a relationship,5.0,7,Instagram,TikTok,Every few hours,Within 30 mins,Sometimes,Often,Sometimes,Yes,Sometimes,Often,Creative/Entertainment,9.0,7.0,Fair,1-2x/week,7.5,6,3,5,5,5,Yes,Sometimes,18,42,Moderate,Sometimes,Sometimes,Sometimes,5,5,5,Moderate,22,Yes,Sometimes,5,Often,Sometimes,5,5,Sometimes,5,4,14,FOMO,Early,5.5,6.0,4.8,6.5
P0089,synthetic_ai,1,28,28-35,Female,South Asian,Sri Lankan,Sri Lanka,Undergraduate,Full-time employed,Government,Single,4.5,6,Facebook,Instagram,Every few hours,Within 30 mins,Sometimes,Sometimes,Sometimes,Yes,Sometimes,Sometimes,News/Social,8.5,7.0,Fair,1-2x/week,8.0,5,3,5,5,4,Sometimes,Sometimes,20,50,Moderate,Sometimes,Sometimes,Sometimes,5,5,5,Moderate,26,Yes,Sometimes,5,Sometimes,Sometimes,5,5,Sometimes,5,4,15,Boredom,Early,5.0,5.6,5.1,6.0
P0090,synthetic_ai,1,35,28-35,Male,White/Caucasian,American,USA,Postgraduate,Full-time employed,Research,Married,2.0,10,Twitter/X,LinkedIn,2-3 times a day,Within 1 hour,Rarely,Rarely,Rarely,No,Rarely,Rarely,Academic/News,6.0,8.5,Good,Daily,9.5,3,1,3,2,2,Rarely,Rarely,40,100,Low,Rarely,Rarely,Rarely,9,8,9,Very good,58,Rarely,Rarely,2,Never,Rarely,2,2,Rarely,2,8,50,N/A,None/Minimal,1.5,2.0,9.0,2.0
P0091,synthetic_ai,1,32,28-35,Female,East Asian,South Korean,South Korea,Postgraduate,Full-time employed,Technology,In a relationship,3.5,8,Instagram,YouTube,2-3 times a day,Within 30 mins,Sometimes,Sometimes,Rarely,Yes,Rarely,Sometimes,Tech/Lifestyle,7.5,7.5,Good,3-4x/week,9.0,4,2,4,4,3,Sometimes,Rarely,26,65,Low,Rarely,Sometimes,Rarely,7,6,7,Good,40,Rarely,Rarely,3,Rarely,Rarely,3,3,Rarely,3,6,25,Boredom,None/Minimal,3.2,3.8,7.0,4.0
P0092,synthetic_ai,1,27,23-27,Male,Black/African,Nigerian,Nigeria,Undergraduate,Full-time employed,Business,Single,5.0,5,Instagram,YouTube,Every few hours,Within 30 mins,Often,Often,Sometimes,Yes,Yes,Often,Entertainment/Business,9.0,7.0,Fair,1-2x/week,7.5,6,3,6,5,5,Yes,Sometimes,16,38,Moderate,Sometimes,Yes,Sometimes,5,4,5,Moderate,20,Yes,Yes,5,Often,Yes,6,5,Sometimes,6,4,12,FOMO,Moderate,5.8,6.4,4.6,6.8
P0093,synthetic_ai,1,29,28-35,Female,Hispanic/Latino,Mexican,Mexico,Postgraduate,Full-time employed,Marketing,In a relationship,4.0,7,Instagram,TikTok,Every few hours,Within 30 mins,Sometimes,Sometimes,Sometimes,Yes,Sometimes,Sometimes,Lifestyle/Marketing,8.0,7.5,Good,1-2x/week,8.5,5,3,5,5,4,Sometimes,Sometimes,22,55,Moderate,Sometimes,Sometimes,Rarely,5,5,5,Moderate,28,Sometimes,Sometimes,4,Sometimes,Sometimes,4,4,Sometimes,4,5,18,Comparison,Early,4.8,5.4,5.4,5.8
P0094,synthetic_ai,1,34,28-35,Male,Middle Eastern,Lebanese,Lebanon,Undergraduate,Full-time employed,Finance,Married,3.0,9,Instagram,LinkedIn,2-3 times a day,Within 30 mins,Rarely,Sometimes,Rarely,Yes,Rarely,Rarely,Financial/News,7.0,8.0,Good,3-4x/week,9.0,4,2,4,3,3,Sometimes,Rarely,28,70,Low,Rarely,Sometimes,Rarely,7,6,7,Good,40,Rarely,Rarely,3,Rarely,Rarely,3,3,Rarely,3,6,28,Boredom,None/Minimal,3.0,3.6,7.2,3.8
P0095,synthetic_ai,1,26,23-27,Female,White/Caucasian,French,France,Postgraduate,Full-time employed,Research,Single,3.5,7,Instagram,Twitter/X,2-3 times a day,Within 30 mins,Sometimes,Sometimes,Rarely,Yes,Rarely,Sometimes,Academic/Lifestyle,7.5,7.5,Good,3-4x/week,9.0,4,2,4,4,3,Sometimes,Rarely,26,65,Low,Rarely,Sometimes,Rarely,7,6,7,Good,40,Rarely,Rarely,3,Rarely,Rarely,3,3,Rarely,3,6,26,Boredom,None/Minimal,3.2,3.8,7.0,4.0
P0096,synthetic_ai,1,31,28-35,Male,South Asian,Indian,India,Postgraduate,Full-time employed,Engineering,Married,4.0,9,YouTube,LinkedIn,Every few hours,Within 30 mins,Sometimes,Sometimes,Sometimes,Yes,Sometimes,Sometimes,Tech/Professional,8.0,7.5,Fair,1-2x/week,9.0,5,3,5,4,4,Sometimes,Sometimes,22,55,Moderate,Sometimes,Sometimes,Sometimes,5,5,5,Moderate,28,Sometimes,Sometimes,4,Sometimes,Sometimes,4,4,Sometimes,4,5,18,Boredom,Early,4.8,5.4,5.4,5.8
P0097,synthetic_ai,1,28,28-35,Female,East Asian,Malaysian,Malaysia,Undergraduate,Full-time employed,Retail,In a relationship,5.5,6,Instagram,TikTok,Every few hours,Within 30 mins,Often,Often,Sometimes,Yes,Yes,Often,Short video/Lifestyle,9.5,7.0,Fair,1-2x/week,7.5,6,3,6,5,5,Yes,Sometimes,16,38,Moderate,Sometimes,Yes,Sometimes,5,4,5,Moderate,20,Yes,Yes,5,Often,Yes,6,5,Sometimes,6,4,10,Boredom,Moderate,5.8,6.4,4.6,6.8
P0098,synthetic_ai,1,33,28-35,Male,White/Caucasian,Spanish,Spain,Postgraduate,Full-time employed,Education,Married,2.5,9,Instagram,YouTube,2-3 times a day,Within 1 hour,Rarely,Rarely,Rarely,No,Rarely,Rarely,Educational/Lifestyle,6.5,8.0,Good,3-4x/week,9.0,3,2,3,3,2,Rarely,Rarely,35,88,Low,Rarely,Rarely,Rarely,8,7,8,Good,50,Rarely,Rarely,2,Rarely,Rarely,2,2,Rarely,2,7,35,N/A,None/Minimal,2.2,2.8,8.2,2.8
P0099,synthetic_ai,1,25,23-27,Female,Black/African,Cameroonian,Cameroon,Undergraduate,Full-time employed,Government,Single,4.5,4,Facebook,Instagram,Every few hours,Within 30 mins,Sometimes,Sometimes,Sometimes,Yes,Sometimes,Sometimes,News/Social,8.5,7.0,Fair,1-2x/week,7.5,5,3,5,5,4,Sometimes,Sometimes,20,50,Moderate,Sometimes,Sometimes,Sometimes,5,5,5,Moderate,24,Yes,Sometimes,5,Sometimes,Sometimes,5,5,Sometimes,5,4,14,Boredom,Early,5.0,5.6,5.1,6.0
P0100,synthetic_ai,1,30,28-35,Male,Hispanic/Latino,Peruvian,Peru,Undergraduate,Full-time employed,Hospitality,In a relationship,4.0,6,Instagram,TikTok,Every few hours,Within 30 mins,Sometimes,Sometimes,Sometimes,Yes,Sometimes,Sometimes,Lifestyle/Entertainment,8.0,7.5,Good,1-2x/week,8.0,5,2,5,4,4,Sometimes,Sometimes,22,55,Low,Sometimes,Rarely,Rarely,6,6,6,Good,30,Sometimes,Rarely,4,Rarely,Sometimes,4,4,Rarely,4,5,18,FOMO,Early,4.5,5.0,5.8,5.5
P0101,synthetic_ai,1,27,23-27,Female,Middle Eastern,Iranian,Iran,Postgraduate,Full-time employed,Research,Single,4.5,7,Instagram,Telegram,Every few hours,Within 30 mins,Sometimes,Sometimes,Sometimes,Yes,Sometimes,Sometimes,Academic/Social,8.5,7.5,Fair,1-2x/week,8.5,5,3,5,5,4,Sometimes,Sometimes,20,50,Moderate,Sometimes,Sometimes,Sometimes,5,5,5,Moderate,26,Yes,Sometimes,5,Sometimes,Sometimes,5,5,Sometimes,5,4,14,Boredom,Early,5.0,5.6,5.1,6.0
P0102,synthetic_ai,1,35,28-35,Female,White/Caucasian,German,Germany,Postgraduate,Full-time employed,Healthcare,Married,2.0,10,Instagram,Facebook,2-3 times a day,Within 1 hour,Rarely,Rarely,Rarely,No,Rarely,Rarely,Health/Parenting,6.0,8.5,Very good,Daily,9.0,3,1,3,2,2,Rarely,Rarely,40,100,Low,Rarely,Rarely,Rarely,9,8,9,Very good,58,Rarely,Rarely,2,Never,Rarely,2,2,Rarely,2,8,50,N/A,None/Minimal,1.5,2.0,9.2,2.0
P0103,synthetic_ai,1,29,28-35,Male,East Asian,Indonesian,Indonesia,Undergraduate,Full-time employed,Technology,In a relationship,5.0,7,Instagram,YouTube,Every few hours,Within 30 mins,Often,Sometimes,Sometimes,Yes,Sometimes,Often,Tech/Entertainment,9.0,7.0,Fair,1-2x/week,8.0,6,3,5,5,4,Sometimes,Sometimes,18,44,Moderate,Sometimes,Sometimes,Sometimes,5,5,5,Moderate,24,Yes,Sometimes,5,Often,Sometimes,5,5,Sometimes,5,4,14,Boredom,Early,5.2,5.8,5.0,6.2
P0104,synthetic_ai,1,26,23-27,Female,South Asian,Bangladeshi,Bangladesh,Undergraduate,Full-time employed,Education,Single,5.0,5,Facebook,Instagram,Every few hours,Within 30 mins,Sometimes,Often,Sometimes,Yes,Sometimes,Often,Educational/Social,9.0,7.0,Fair,1-2x/week,7.5,6,3,5,5,5,Sometimes,Sometimes,18,44,Moderate,Sometimes,Sometimes,Sometimes,5,5,5,Moderate,22,Yes,Sometimes,5,Often,Sometimes,5,5,Sometimes,5,4,12,Boredom,Early,5.5,6.0,4.8,6.5
P0105,synthetic_ai,1,32,28-35,Male,Black/African,Kenyan,Kenya,Postgraduate,Full-time employed,Finance,Married,3.0,8,LinkedIn,Facebook,2-3 times a day,Within 30 mins,Rarely,Sometimes,Rarely,Yes,Rarely,Rarely,Financial/Professional,7.0,8.0,Good,3-4x/week,9.0,4,2,4,3,3,Sometimes,Rarely,28,70,Low,Rarely,Sometimes,Rarely,7,6,7,Good,40,Rarely,Rarely,3,Rarely,Rarely,3,3,Rarely,3,6,28,Boredom,None/Minimal,3.0,3.6,7.2,3.8
P0106,synthetic_ai,1,28,28-35,Female,White/Caucasian,Canadian,Canada,Postgraduate,Full-time employed,Research,Single,3.5,8,Instagram,Twitter/X,2-3 times a day,Within 30 mins,Sometimes,Sometimes,Rarely,Yes,Rarely,Sometimes,Academic/News,7.5,7.5,Good,3-4x/week,9.0,4,2,4,4,3,Sometimes,Rarely,26,65,Low,Rarely,Sometimes,Rarely,7,6,7,Good,40,Rarely,Rarely,3,Rarely,Rarely,3,3,Rarely,3,6,26,Boredom,None/Minimal,3.2,3.8,7.0,4.0
P0107,synthetic_ai,1,34,28-35,Male,Hispanic/Latino,Venezuelan,Venezuela,Undergraduate,Full-time employed,Business,Married,4.0,8,Instagram,YouTube,Every few hours,Within 30 mins,Sometimes,Sometimes,Sometimes,Yes,Sometimes,Sometimes,Business/Entertainment,8.0,7.5,Good,1-2x/week,8.5,5,2,5,4,4,Sometimes,Sometimes,22,55,Low,Sometimes,Rarely,Rarely,6,6,6,Good,30,Sometimes,Rarely,4,Rarely,Sometimes,4,4,Rarely,4,5,20,FOMO,Early,4.5,5.0,5.8,5.5
P0108,synthetic_ai,1,27,23-27,Female,East Asian,Filipino,Philippines,Undergraduate,Full-time employed,Retail,In a relationship,5.5,6,Facebook,TikTok,Every few hours,Within 30 mins,Often,Often,Sometimes,Yes,Yes,Often,Short video/Social,9.5,7.0,Fair,1-2x/week,7.5,6,3,6,5,5,Yes,Sometimes,16,38,Moderate,Sometimes,Yes,Sometimes,5,4,5,Moderate,20,Yes,Yes,5,Often,Yes,6,5,Sometimes,6,4,10,Boredom,Moderate,5.8,6.4,4.6,6.8
P0109,synthetic_ai,1,31,28-35,Male,South Asian,Indian,India,Postgraduate,Full-time employed,Technology,Married,3.0,9,LinkedIn,YouTube,2-3 times a day,Within 30 mins,Rarely,Sometimes,Rarely,Yes,Rarely,Sometimes,Tech/Professional,7.0,8.0,Good,3-4x/week,9.5,4,2,4,3,3,Sometimes,Rarely,28,72,Low,Rarely,Sometimes,Rarely,7,7,7,Good,42,Rarely,Rarely,3,Rarely,Rarely,3,3,Rarely,3,6,28,Boredom,None/Minimal,3.0,3.6,7.2,3.8
P0110,synthetic_ai,1,25,23-27,Female,Black/African,Nigerian,Nigeria,Undergraduate,Full-time employed,Creative,Single,5.0,4,Instagram,TikTok,Every few hours,Within 30 mins,Often,Often,Sometimes,Yes,Yes,Often,Creative/Fashion,9.0,7.0,Fair,1-2x/week,7.0,6,3,6,6,5,Yes,Sometimes,16,38,Moderate,Sometimes,Yes,Sometimes,5,4,5,Moderate,20,Yes,Yes,5,Often,Yes,6,5,Sometimes,6,4,10,Comparison,Moderate,5.8,6.4,4.6,6.8
P0111,synthetic_ai,1,29,28-35,Male,White/Caucasian,Australian,Australia,Postgraduate,Full-time employed,Engineering,In a relationship,2.5,8,YouTube,LinkedIn,2-3 times a day,Within 1 hour,Rarely,Rarely,Rarely,No,Rarely,Rarely,Tech/News,6.5,8.0,Good,Daily,9.5,3,2,3,2,2,Rarely,Rarely,38,95,Low,Rarely,Rarely,Rarely,9,8,9,Good,55,Rarely,Rarely,2,Never,Rarely,2,2,Rarely,2,8,42,N/A,None/Minimal,1.8,2.4,8.8,2.2
P0112,synthetic_ai,1,33,28-35,Female,East Asian,South Korean,South Korea,Postgraduate,Full-time employed,Marketing,Married,4.0,8,Instagram,TikTok,Every few hours,Within 30 mins,Sometimes,Sometimes,Sometimes,Yes,Sometimes,Sometimes,Marketing/Lifestyle,8.0,7.5,Good,1-2x/week,8.5,5,3,5,5,4,Sometimes,Sometimes,22,55,Moderate,Sometimes,Sometimes,Rarely,5,5,5,Moderate,28,Sometimes,Sometimes,4,Sometimes,Sometimes,4,4,Sometimes,4,5,20,Comparison,Early,4.8,5.4,5.4,5.8
P0113,synthetic_ai,1,26,23-27,Male,Hispanic/Latino,Colombian,Colombia,Undergraduate,Full-time employed,Hospitality,Single,4.5,5,Instagram,YouTube,Every few hours,Within 30 mins,Sometimes,Often,Sometimes,Yes,Sometimes,Often,Entertainment/Lifestyle,8.5,7.0,Fair,1-2x/week,7.5,6,3,5,5,4,Sometimes,Sometimes,20,48,Moderate,Sometimes,Sometimes,Sometimes,5,5,5,Moderate,24,Yes,Sometimes,5,Often,Sometimes,5,5,Sometimes,5,4,12,FOMO,Early,5.2,5.8,5.0,6.2
P0114,synthetic_ai,1,28,28-35,Female,South Asian,Pakistani,Pakistan,Postgraduate,Full-time employed,Healthcare,Married,3.5,7,Instagram,YouTube,2-3 times a day,Within 30 mins,Sometimes,Rarely,Rarely,Yes,Rarely,Rarely,Health/Lifestyle,7.5,7.5,Good,3-4x/week,8.5,4,2,4,4,3,Sometimes,Rarely,26,65,Low,Rarely,Sometimes,Rarely,7,6,7,Good,38,Rarely,Rarely,3,Rarely,Rarely,3,3,Rarely,3,6,25,Boredom,None/Minimal,3.2,3.8,7.0,4.0
P0115,synthetic_ai,1,35,28-35,Male,Black/African,South African,South Africa,Postgraduate,Full-time employed,Finance,Married,2.5,9,LinkedIn,Instagram,2-3 times a day,Within 1 hour,Rarely,Rarely,Rarely,No,Rarely,Rarely,Financial/Professional,6.5,8.0,Good,Daily,9.5,3,2,3,2,2,Rarely,Rarely,38,96,Low,Rarely,Rarely,Rarely,9,8,9,Good,55,Rarely,Rarely,2,Never,Rarely,2,2,Rarely,2,8,45,N/A,None/Minimal,1.8,2.4,8.8,2.2
P0116,synthetic_ai,1,27,23-27,Female,Middle Eastern,Egyptian,Egypt,Undergraduate,Full-time employed,Education,Single,4.5,5,Instagram,Facebook,Every few hours,Within 30 mins,Sometimes,Sometimes,Sometimes,Yes,Sometimes,Sometimes,Educational/Social,8.5,7.0,Fair,1-2x/week,7.5,5,3,5,5,4,Sometimes,Sometimes,20,50,Moderate,Sometimes,Sometimes,Sometimes,5,5,5,Moderate,24,Yes,Sometimes,5,Sometimes,Sometimes,5,5,Sometimes,5,4,14,Comparison,Early,5.0,5.6,5.1,6.0
P0117,synthetic_ai,1,32,28-35,Male,White/Caucasian,French,France,Postgraduate,Full-time employed,Technology,Married,2.0,9,LinkedIn,Twitter/X,2-3 times a day,Within 1 hour,Rarely,Rarely,Rarely,No,Rarely,Rarely,Tech/Professional,6.0,8.5,Good,Daily,9.5,3,1,3,2,2,Rarely,Rarely,40,100,Low,Rarely,Rarely,Rarely,9,8,9,Good,58,Rarely,Rarely,2,Never,Rarely,2,2,Rarely,2,8,48,N/A,None/Minimal,1.5,2.0,9.2,2.0
P0118,synthetic_ai,1,30,28-35,Female,East Asian,Japanese,Japan,Postgraduate,Full-time employed,Research,In a relationship,3.0,8,Instagram,Twitter/X,2-3 times a day,Within 30 mins,Rarely,Sometimes,Rarely,Yes,Rarely,Rarely,Academic/Lifestyle,7.0,8.0,Good,3-4x/week,9.0,4,2,4,3,3,Sometimes,Rarely,28,70,Low,Rarely,Sometimes,Rarely,7,6,7,Good,40,Rarely,Rarely,3,Rarely,Rarely,3,3,Rarely,3,6,28,Boredom,None/Minimal,3.0,3.6,7.2,3.8
P0119,synthetic_ai,1,25,23-27,Male,South Asian,Indian,India,Undergraduate,Full-time employed,Technology,Single,5.5,6,Instagram,YouTube,Every few hours,Within 30 mins,Often,Often,Sometimes,Yes,Yes,Often,Tech/Entertainment,9.5,7.0,Fair,1-2x/week,8.0,7,3,6,5,5,Yes,Sometimes,15,35,Moderate,Sometimes,Yes,Sometimes,5,4,5,Moderate,20,Yes,Yes,5,Often,Yes,6,5,Sometimes,6,4,10,Boredom,Moderate,5.8,6.4,4.6,6.8
P0120,synthetic_ai,1,34,28-35,Female,Black/African,Ethiopian,Ethiopia,Undergraduate,Full-time employed,Government,Married,3.5,7,Facebook,Instagram,2-3 times a day,Within 30 mins,Sometimes,Sometimes,Rarely,Yes,Rarely,Rarely,News/Social,7.5,7.5,Good,3-4x/week,8.5,4,2,4,4,3,Sometimes,Rarely,26,65,Low,Rarely,Sometimes,Rarely,7,6,7,Good,38,Rarely,Rarely,3,Rarely,Rarely,3,3,Rarely,3,6,24,Boredom,None/Minimal,3.2,3.8,7.0,4.0

P0121,synthetic_ai,1,38,36-49,Male,White/Caucasian,American,USA,Postgraduate,Full-time employed,Technology,Married,2.0,12,LinkedIn,YouTube,2-3 times a day,Within 1 hour,Rarely,Rarely,Rarely,No,Rarely,Rarely,Tech/Professional,6.0,8.5,Good,Daily,9.5,3,2,3,2,2,Rarely,Rarely,40,100,Low,Rarely,Rarely,Rarely,9,8,9,Good,55,Rarely,Rarely,2,Never,Rarely,2,2,Rarely,2,8,48,N/A,None/Minimal,1.8,2.4,8.8,2.2
P0122,synthetic_ai,1,42,36-49,Female,East Asian,Chinese,China,Postgraduate,Full-time employed,Healthcare,Married,2.5,10,WeChat,LinkedIn,2-3 times a day,Within 1 hour,Rarely,Rarely,Rarely,No,Rarely,Rarely,Health/Professional,6.5,8.0,Good,Daily,9.0,3,2,3,2,2,Rarely,Rarely,38,95,Low,Rarely,Rarely,Rarely,9,8,9,Good,52,Rarely,Rarely,2,Never,Rarely,2,2,Rarely,2,8,45,N/A,None/Minimal,2.0,2.5,8.8,2.2
P0123,synthetic_ai,1,35,28-35,Female,South Asian,Indian,India,Postgraduate,Full-time employed,Education,Married,3.0,9,Facebook,Instagram,2-3 times a day,Within 30 mins,Sometimes,Sometimes,Rarely,Yes,Rarely,Sometimes,Educational/Parenting,7.0,8.0,Good,3-4x/week,9.0,4,2,4,3,3,Sometimes,Rarely,28,70,Low,Rarely,Sometimes,Rarely,7,6,7,Good,40,Rarely,Rarely,3,Rarely,Rarely,3,3,Rarely,3,6,28,Boredom,None/Minimal,3.0,3.6,7.2,3.8
P0124,synthetic_ai,1,45,36-49,Male,Black/African,Nigerian,Nigeria,Undergraduate,Full-time employed,Government,Married,2.5,10,Facebook,LinkedIn,2-3 times a day,Within 1 hour,Rarely,Sometimes,Rarely,Yes,Rarely,Rarely,News/Professional,6.5,8.0,Good,3-4x/week,9.0,3,2,3,3,2,Rarely,Rarely,35,88,Low,Rarely,Rarely,Rarely,8,7,8,Good,50,Rarely,Rarely,2,Rarely,Rarely,2,2,Rarely,2,7,40,Boredom,None/Minimal,2.5,3.0,8.0,3.0
P0125,synthetic_ai,1,39,36-49,Female,White/Caucasian,British,UK,Postgraduate,Full-time employed,Healthcare,Married,2.0,11,Facebook,Instagram,2-3 times a day,Within 1 hour,Rarely,Rarely,Rarely,No,Rarely,Rarely,Health/Parenting,6.0,8.5,Very good,Daily,9.0,3,1,3,2,2,Rarely,Rarely,40,100,Low,Rarely,Rarely,Rarely,9,8,9,Very good,58,Rarely,Rarely,2,Never,Rarely,2,2,Rarely,2,8,50,N/A,None/Minimal,1.5,2.0,9.2,2.0
P0126,synthetic_ai,1,47,36-49,Male,Hispanic/Latino,Mexican,Mexico,Undergraduate,Full-time employed,Business,Married,3.0,10,Facebook,Instagram,2-3 times a day,Within 1 hour,Rarely,Sometimes,Rarely,Yes,Rarely,Rarely,Business/News,7.0,8.0,Good,3-4x/week,8.5,4,2,4,3,3,Sometimes,Rarely,28,70,Low,Rarely,Sometimes,Rarely,7,6,7,Good,40,Rarely,Rarely,3,Rarely,Rarely,3,3,Rarely,3,6,28,Boredom,None/Minimal,3.0,3.6,7.2,3.8
P0127,synthetic_ai,1,36,36-49,Female,East Asian,Japanese,Japan,Postgraduate,Full-time employed,Finance,In a relationship,3.5,9,Instagram,Twitter/X,2-3 times a day,Within 30 mins,Sometimes,Sometimes,Rarely,Yes,Rarely,Sometimes,Financial/Lifestyle,7.5,7.5,Good,3-4x/week,9.0,4,2,4,4,3,Sometimes,Rarely,26,65,Low,Rarely,Sometimes,Rarely,7,6,7,Good,40,Rarely,Rarely,3,Rarely,Rarely,3,3,Rarely,3,6,26,Boredom,None/Minimal,3.2,3.8,7.0,4.0
P0128,synthetic_ai,1,43,36-49,Male,White/Caucasian,Australian,Australia,Postgraduate,Full-time employed,Research,Married,2.0,12,LinkedIn,Twitter/X,2-3 times a day,Within 1 hour,Rarely,Rarely,Rarely,No,Rarely,Rarely,Academic/Professional,6.0,8.5,Good,Daily,9.5,3,1,3,2,2,Rarely,Rarely,40,100,Low,Rarely,Rarely,Rarely,9,8,9,Good,58,Rarely,Rarely,2,Never,Rarely,2,2,Rarely,2,8,52,N/A,None/Minimal,1.5,2.0,9.2,2.0
P0129,synthetic_ai,1,37,36-49,Female,South Asian,Pakistani,Pakistan,Undergraduate,Full-time employed,Education,Married,3.5,8,Facebook,YouTube,2-3 times a day,Within 30 mins,Sometimes,Sometimes,Rarely,Yes,Rarely,Sometimes,Educational/Parenting,7.5,7.5,Good,3-4x/week,8.5,4,2,4,4,3,Sometimes,Rarely,26,65,Low,Rarely,Sometimes,Rarely,7,6,7,Good,38,Rarely,Rarely,3,Rarely,Rarely,3,3,Rarely,3,6,26,Boredom,None/Minimal,3.2,3.8,7.0,4.0
P0130,synthetic_ai,1,48,36-49,Male,Black/African,South African,South Africa,Postgraduate,Full-time employed,Finance,Married,2.0,12,LinkedIn,Facebook,2-3 times a day,Within 1 hour,Rarely,Rarely,Rarely,No,Rarely,Rarely,Financial/Professional,6.0,8.5,Good,Daily,9.5,3,1,3,2,2,Rarely,Rarely,40,100,Low,Rarely,Rarely,Rarely,9,8,9,Good,58,Rarely,Rarely,2,Never,Rarely,2,2,Rarely,2,8,55,N/A,None/Minimal,1.5,2.0,9.2,2.0
P0131,synthetic_ai,1,41,36-49,Female,Hispanic/Latino,Brazilian,Brazil,Postgraduate,Full-time employed,Marketing,Married,3.5,10,Instagram,Facebook,Every few hours,Within 30 mins,Sometimes,Sometimes,Sometimes,Yes,Sometimes,Sometimes,Marketing/Parenting,7.5,7.5,Good,1-2x/week,8.5,4,2,4,4,3,Sometimes,Sometimes,24,60,Low,Sometimes,Sometimes,Rarely,6,6,6,Good,34,Sometimes,Rarely,3,Rarely,Sometimes,3,3,Rarely,3,6,28,Comparison,None/Minimal,3.2,3.8,7.0,4.0
P0132,synthetic_ai,1,36,36-49,Male,Middle Eastern,Turkish,Turkey,Postgraduate,Full-time employed,Technology,Married,3.0,9,Instagram,LinkedIn,2-3 times a day,Within 30 mins,Sometimes,Sometimes,Rarely,Yes,Rarely,Sometimes,Tech/Professional,7.0,8.0,Good,3-4x/week,9.0,4,2,4,3,3,Sometimes,Rarely,28,70,Low,Rarely,Sometimes,Rarely,7,6,7,Good,40,Rarely,Rarely,3,Rarely,Rarely,3,3,Rarely,3,6,28,Boredom,None/Minimal,3.0,3.6,7.2,3.8
P0133,synthetic_ai,1,44,36-49,Female,White/Caucasian,German,Germany,Postgraduate,Full-time employed,Healthcare,Married,2.0,12,Facebook,Instagram,2-3 times a day,Within 1 hour,Rarely,Rarely,Rarely,No,Rarely,Rarely,Health/Parenting,6.0,8.5,Very good,Daily,9.0,3,1,3,2,2,Rarely,Rarely,40,100,Low,Rarely,Rarely,Rarely,9,8,9,Very good,58,Rarely,Rarely,2,Never,Rarely,2,2,Rarely,2,8,52,N/A,None/Minimal,1.5,2.0,9.2,2.0
P0134,synthetic_ai,1,40,36-49,Male,East Asian,South Korean,South Korea,Postgraduate,Full-time employed,Engineering,Married,2.5,10,YouTube,LinkedIn,2-3 times a day,Within 1 hour,Rarely,Rarely,Rarely,No,Rarely,Rarely,Tech/Professional,6.5,8.0,Good,Daily,9.5,3,2,3,2,2,Rarely,Rarely,38,95,Low,Rarely,Rarely,Rarely,9,8,9,Good,55,Rarely,Rarely,2,Never,Rarely,2,2,Rarely,2,8,48,N/A,None/Minimal,1.8,2.4,8.8,2.2
P0135,synthetic_ai,1,46,36-49,Female,South Asian,Indian,India,Postgraduate,Full-time employed,Healthcare,Married,3.0,12,Facebook,YouTube,2-3 times a day,Within 1 hour,Rarely,Sometimes,Rarely,Yes,Rarely,Rarely,Health/Parenting,7.0,8.0,Good,3-4x/week,8.5,4,2,4,3,3,Sometimes,Rarely,28,70,Low,Rarely,Sometimes,Rarely,7,6,7,Good,40,Rarely,Rarely,3,Rarely,Rarely,3,3,Rarely,3,6,30,Boredom,None/Minimal,3.0,3.6,7.2,3.8
P0136,synthetic_ai,1,38,36-49,Male,White/Caucasian,French,France,Postgraduate,Full-time employed,Government,Married,2.5,11,Facebook,LinkedIn,2-3 times a day,Within 1 hour,Rarely,Rarely,Rarely,No,Rarely,Rarely,News/Professional,6.5,8.0,Good,3-4x/week,9.5,3,2,3,2,2,Rarely,Rarely,38,95,Low,Rarely,Rarely,Rarely,9,8,9,Good,55,Rarely,Rarely,2,Never,Rarely,2,2,Rarely,2,8,45,N/A,None/Minimal,1.8,2.4,8.8,2.2
P0137,synthetic_ai,1,43,36-49,Female,Black/African,Kenyan,Kenya,Undergraduate,Full-time employed,Education,Married,3.5,9,Facebook,YouTube,2-3 times a day,Within 30 mins,Sometimes,Sometimes,Rarely,Yes,Rarely,Sometimes,Educational/Parenting,7.5,7.5,Good,3-4x/week,8.5,4,2,4,4,3,Sometimes,Rarely,26,65,Low,Rarely,Sometimes,Rarely,7,6,7,Good,38,Rarely,Rarely,3,Rarely,Rarely,3,3,Rarely,3,6,28,Boredom,None/Minimal,3.2,3.8,7.0,4.0
P0138,synthetic_ai,1,49,36-49,Male,Hispanic/Latino,Colombian,Colombia,Undergraduate,Full-time employed,Business,Married,2.5,12,Facebook,LinkedIn,2-3 times a day,Within 1 hour,Rarely,Sometimes,Rarely,Yes,Rarely,Rarely,Business/News,6.5,8.0,Good,3-4x/week,9.0,3,2,3,3,2,Rarely,Rarely,35,88,Low,Rarely,Rarely,Rarely,8,7,8,Good,50,Rarely,Rarely,2,Rarely,Rarely,2,2,Rarely,2,7,40,Boredom,None/Minimal,2.5,3.0,8.0,3.0
P0139,synthetic_ai,1,37,36-49,Female,East Asian,Malaysian,Malaysia,Postgraduate,Full-time employed,Finance,Married,3.0,9,Instagram,Facebook,2-3 times a day,Within 30 mins,Sometimes,Sometimes,Rarely,Yes,Rarely,Sometimes,Financial/Lifestyle,7.0,8.0,Good,3-4x/week,9.0,4,2,4,3,3,Sometimes,Rarely,28,70,Low,Rarely,Sometimes,Rarely,7,6,7,Good,40,Rarely,Rarely,3,Rarely,Rarely,3,3,Rarely,3,6,28,Boredom,None/Minimal,3.0,3.6,7.2,3.8
P0140,synthetic_ai,1,44,36-49,Male,South Asian,Pakistani,Pakistan,Postgraduate,Full-time employed,Engineering,Married,2.5,11,YouTube,LinkedIn,2-3 times a day,Within 1 hour,Rarely,Rarely,Rarely,No,Rarely,Rarely,Tech/Professional,6.5,8.0,Good,Daily,9.5,3,2,3,2,2,Rarely,Rarely,38,95,Low,Rarely,Rarely,Rarely,9,8,9,Good,55,Rarely,Rarely,2,Never,Rarely,2,2,Rarely,2,8,48,N/A,None/Minimal,1.8,2.4,8.8,2.2
P0141,synthetic_ai,1,39,36-49,Female,White/Caucasian,Canadian,Canada,Postgraduate,Full-time employed,Research,Married,2.0,11,Twitter/X,LinkedIn,2-3 times a day,Within 1 hour,Rarely,Rarely,Rarely,No,Rarely,Rarely,Academic/News,6.0,8.5,Very good,Daily,9.5,3,1,3,2,2,Rarely,Rarely,40,100,Low,Rarely,Rarely,Rarely,9,8,9,Very good,58,Rarely,Rarely,2,Never,Rarely,2,2,Rarely,2,8,50,N/A,None/Minimal,1.5,2.0,9.2,2.0
P0142,synthetic_ai,1,48,36-49,Male,Black/African,Ghanaian,Ghana,Undergraduate,Full-time employed,Government,Married,2.5,10,Facebook,LinkedIn,2-3 times a day,Within 1 hour,Rarely,Sometimes,Rarely,Yes,Rarely,Rarely,News/Professional,6.5,8.0,Good,3-4x/week,9.0,3,2,3,3,2,Rarely,Rarely,35,88,Low,Rarely,Rarely,Rarely,8,7,8,Good,50,Rarely,Rarely,2,Rarely,Rarely,2,2,Rarely,2,7,40,Boredom,None/Minimal,2.5,3.0,8.0,3.0
P0143,synthetic_ai,1,36,36-49,Female,Hispanic/Latino,Argentinian,Argentina,Postgraduate,Full-time employed,Creative,Married,4.0,9,Instagram,TikTok,Every few hours,Within 30 mins,Sometimes,Sometimes,Sometimes,Yes,Sometimes,Sometimes,Creative/Lifestyle,8.0,7.5,Good,1-2x/week,8.5,5,2,5,5,4,Sometimes,Sometimes,22,55,Moderate,Sometimes,Sometimes,Rarely,5,5,5,Moderate,28,Sometimes,Sometimes,4,Sometimes,Sometimes,4,4,Sometimes,4,5,20,Comparison,Early,4.8,5.4,5.4,5.8
P0144,synthetic_ai,1,42,36-49,Male,East Asian,Indonesian,Indonesia,Undergraduate,Full-time employed,Business,Married,3.0,9,Instagram,YouTube,2-3 times a day,Within 30 mins,Sometimes,Sometimes,Rarely,Yes,Rarely,Sometimes,Business/Entertainment,7.0,8.0,Good,3-4x/week,8.5,4,2,4,3,3,Sometimes,Rarely,28,70,Low,Rarely,Sometimes,Rarely,7,6,7,Good,40,Rarely,Rarely,3,Rarely,Rarely,3,3,Rarely,3,6,28,Boredom,None/Minimal,3.0,3.6,7.2,3.8
P0145,synthetic_ai,1,46,36-49,Female,South Asian,Sri Lankan,Sri Lanka,Undergraduate,Full-time employed,Healthcare,Married,3.5,10,Facebook,YouTube,2-3 times a day,Within 30 mins,Sometimes,Sometimes,Rarely,Yes,Rarely,Sometimes,Health/Parenting,7.5,7.5,Good,3-4x/week,8.5,4,2,4,4,3,Sometimes,Rarely,26,65,Low,Rarely,Sometimes,Rarely,7,6,7,Good,38,Rarely,Rarely,3,Rarely,Rarely,3,3,Rarely,3,6,28,Boredom,None/Minimal,3.2,3.8,7.0,4.0
P0146,synthetic_ai,1,40,36-49,Male,White/Caucasian,American,USA,Postgraduate,Full-time employed,Technology,Married,2.5,12,LinkedIn,YouTube,2-3 times a day,Within 1 hour,Rarely,Rarely,Rarely,No,Rarely,Rarely,Tech/Professional,6.5,8.0,Good,Daily,9.5,3,2,3,2,2,Rarely,Rarely,40,100,Low,Rarely,Rarely,Rarely,9,8,9,Good,56,Rarely,Rarely,2,Never,Rarely,2,2,Rarely,2,8,50,N/A,None/Minimal,1.8,2.4,8.8,2.2
P0147,synthetic_ai,1,37,36-49,Female,Black/African,Nigerian,Nigeria,Postgraduate,Full-time employed,Finance,Married,3.0,9,LinkedIn,Instagram,2-3 times a day,Within 30 mins,Sometimes,Sometimes,Rarely,Yes,Rarely,Sometimes,Financial/Professional,7.0,8.0,Good,3-4x/week,9.0,4,2,4,3,3,Sometimes,Rarely,28,70,Low,Rarely,Sometimes,Rarely,7,6,7,Good,40,Rarely,Rarely,3,Rarely,Rarely,3,3,Rarely,3,6,28,Boredom,None/Minimal,3.0,3.6,7.2,3.8
P0148,synthetic_ai,1,43,36-49,Male,Hispanic/Latino,Mexican,Mexico,Undergraduate,Full-time employed,Engineering,Married,3.5,10,YouTube,Facebook,2-3 times a day,Within 30 mins,Sometimes,Sometimes,Rarely,Yes,Rarely,Sometimes,Tech/Entertainment,7.5,7.5,Good,3-4x/week,8.5,4,2,4,4,3,Sometimes,Rarely,26,65,Low,Rarely,Sometimes,Rarely,7,6,7,Good,38,Rarely,Rarely,3,Rarely,Rarely,3,3,Rarely,3,6,28,Boredom,None/Minimal,3.2,3.8,7.0,4.0
P0149,synthetic_ai,1,47,36-49,Female,East Asian,Vietnamese,Vietnam,Undergraduate,Full-time employed,Retail,Married,3.5,9,Facebook,TikTok,2-3 times a day,Within 30 mins,Sometimes,Sometimes,Sometimes,Yes,Sometimes,Sometimes,Lifestyle/Parenting,7.5,7.5,Good,1-2x/week,8.0,4,2,4,4,3,Sometimes,Sometimes,24,60,Low,Sometimes,Sometimes,Rarely,6,6,6,Good,35,Sometimes,Rarely,3,Rarely,Sometimes,3,3,Rarely,3,6,28,Boredom,None/Minimal,3.2,3.8,7.0,4.0
P0150,synthetic_ai,1,38,36-49,Male,South Asian,Indian,India,Postgraduate,Full-time employed,Healthcare,Married,3.5,10,YouTube,LinkedIn,2-3 times a day,Within 30 mins,Sometimes,Sometimes,Rarely,Yes,Rarely,Sometimes,Health/Professional,7.5,7.5,Good,3-4x/week,8.5,4,2,4,4,3,Sometimes,Rarely,26,65,Low,Rarely,Sometimes,Rarely,7,6,7,Good,40,Rarely,Rarely,3,Rarely,Rarely,3,3,Rarely,3,6,28,Boredom,None/Minimal,3.2,3.8,7.0,4.0
P0151,synthetic_ai,1,45,36-49,Female,White/Caucasian,British,UK,Postgraduate,Full-time employed,Education,Married,2.5,11,Facebook,Instagram,2-3 times a day,Within 1 hour,Rarely,Rarely,Rarely,No,Rarely,Rarely,Educational/Parenting,6.5,8.0,Good,Daily,9.0,3,1,3,2,2,Rarely,Rarely,38,95,Low,Rarely,Rarely,Rarely,9,8,9,Good,55,Rarely,Rarely,2,Never,Rarely,2,2,Rarely,2,8,48,N/A,None/Minimal,1.8,2.4,8.8,2.2
P0152,synthetic_ai,1,41,36-49,Male,Black/African,Cameroonian,Cameroon,Undergraduate,Full-time employed,Government,Married,3.0,8,Facebook,YouTube,2-3 times a day,Within 30 mins,Sometimes,Sometimes,Rarely,Yes,Rarely,Rarely,News/Professional,7.0,8.0,Good,3-4x/week,9.0,4,2,4,3,3,Sometimes,Rarely,28,70,Low,Rarely,Sometimes,Rarely,7,6,7,Good,40,Rarely,Rarely,3,Rarely,Rarely,3,3,Rarely,3,6,28,Boredom,None/Minimal,3.0,3.6,7.2,3.8
P0153,synthetic_ai,1,44,36-49,Female,Middle Eastern,Lebanese,Lebanon,Postgraduate,Full-time employed,Finance,Married,3.0,10,Instagram,LinkedIn,2-3 times a day,Within 30 mins,Sometimes,Sometimes,Rarely,Yes,Rarely,Sometimes,Financial/Lifestyle,7.0,8.0,Good,3-4x/week,9.0,4,2,4,3,3,Sometimes,Rarely,28,70,Low,Rarely,Sometimes,Rarely,7,6,7,Good,40,Rarely,Rarely,3,Rarely,Rarely,3,3,Rarely,3,6,28,Boredom,None/Minimal,3.0,3.6,7.2,3.8
P0154,synthetic_ai,1,39,36-49,Male,East Asian,Filipino,Philippines,Undergraduate,Full-time employed,Retail,Married,4.0,9,Facebook,YouTube,Every few hours,Within 30 mins,Sometimes,Sometimes,Sometimes,Yes,Sometimes,Sometimes,Entertainment/Social,8.0,7.5,Good,1-2x/week,8.0,5,2,5,4,4,Sometimes,Sometimes,22,55,Low,Sometimes,Rarely,Rarely,6,6,6,Good,30,Sometimes,Rarely,4,Rarely,Sometimes,4,4,Rarely,4,5,20,FOMO,Early,4.5,5.0,5.8,5.5
P0155,synthetic_ai,1,46,36-49,Female,South Asian,Bangladeshi,Bangladesh,Undergraduate,Full-time employed,Education,Married,3.5,9,Facebook,YouTube,2-3 times a day,Within 30 mins,Sometimes,Sometimes,Rarely,Yes,Rarely,Sometimes,Educational/Parenting,7.5,7.5,Good,3-4x/week,8.5,4,2,4,4,3,Sometimes,Rarely,26,65,Low,Rarely,Sometimes,Rarely,7,6,7,Good,38,Rarely,Rarely,3,Rarely,Rarely,3,3,Rarely,3,6,28,Boredom,None/Minimal,3.2,3.8,7.0,4.0
P0156,synthetic_ai,1,48,36-49,Male,Hispanic/Latino,Peruvian,Peru,Undergraduate,Full-time employed,Business,Married,2.5,12,Facebook,LinkedIn,2-3 times a day,Within 1 hour,Rarely,Sometimes,Rarely,Yes,Rarely,Rarely,Business/News,6.5,8.0,Good,3-4x/week,9.0,3,2,3,3,2,Rarely,Rarely,35,88,Low,Rarely,Rarely,Rarely,8,7,8,Good,50,Rarely,Rarely,2,Rarely,Rarely,2,2,Rarely,2,7,40,Boredom,None/Minimal,2.5,3.0,8.0,3.0
P0157,synthetic_ai,1,37,36-49,Female,White/Caucasian,Australian,Australia,Postgraduate,Full-time employed,Healthcare,Married,2.5,10,Facebook,Instagram,2-3 times a day,Within 1 hour,Rarely,Rarely,Rarely,No,Rarely,Rarely,Health/Parenting,6.5,8.0,Good,Daily,9.0,3,1,3,2,2,Rarely,Rarely,38,95,Low,Rarely,Rarely,Rarely,9,8,9,Good,55,Rarely,Rarely,2,Never,Rarely,2,2,Rarely,2,8,46,N/A,None/Minimal,1.8,2.4,8.8,2.2
P0158,synthetic_ai,1,43,36-49,Male,East Asian,Thai,Thailand,Undergraduate,Full-time employed,Hospitality,Married,3.5,9,Facebook,Instagram,2-3 times a day,Within 30 mins,Sometimes,Sometimes,Sometimes,Yes,Sometimes,Sometimes,Lifestyle/Entertainment,7.5,7.5,Good,1-2x/week,8.5,4,2,4,4,3,Sometimes,Sometimes,24,60,Low,Sometimes,Sometimes,Rarely,6,6,6,Good,34,Sometimes,Rarely,3,Rarely,Sometimes,3,3,Rarely,3,6,28,Boredom,None/Minimal,3.2,3.8,7.0,4.0
P0159,synthetic_ai,1,40,36-49,Female,Black/African,Ethiopian,Ethiopia,Undergraduate,Full-time employed,Government,Married,3.0,8,Facebook,YouTube,2-3 times a day,Within 30 mins,Sometimes,Sometimes,Rarely,Yes,Rarely,Rarely,News/Government,7.0,8.0,Good,3-4x/week,9.0,4,2,4,3,3,Sometimes,Rarely,28,70,Low,Rarely,Sometimes,Rarely,7,6,7,Good,40,Rarely,Rarely,3,Rarely,Rarely,3,3,Rarely,3,6,28,Boredom,None/Minimal,3.0,3.6,7.2,3.8
P0160,synthetic_ai,1,36,36-49,Male,South Asian,Pakistani,Pakistan,Postgraduate,Full-time employed,Technology,Married,3.0,9,YouTube,LinkedIn,2-3 times a day,Within 30 mins,Sometimes,Sometimes,Rarely,Yes,Rarely,Sometimes,Tech/Professional,7.0,8.0,Good,3-4x/week,9.0,4,2,4,3,3,Sometimes,Rarely,28,70,Low,Rarely,Sometimes,Rarely,7,6,7,Good,40,Rarely,Rarely,3,Rarely,Rarely,3,3,Rarely,3,6,28,Boredom,None/Minimal,3.0,3.6,7.2,3.8
P0161,synthetic_ai,1,47,36-49,Female,Hispanic/Latino,Venezuelan,Venezuela,Undergraduate,Full-time employed,Education,Married,3.5,9,Facebook,Instagram,2-3 times a day,Within 30 mins,Sometimes,Sometimes,Rarely,Yes,Rarely,Sometimes,Educational/Social,7.5,7.5,Good,3-4x/week,8.5,4,2,4,4,3,Sometimes,Rarely,26,65,Low,Rarely,Sometimes,Rarely,7,6,7,Good,38,Rarely,Rarely,3,Rarely,Rarely,3,3,Rarely,3,6,28,Boredom,None/Minimal,3.2,3.8,7.0,4.0
P0162,synthetic_ai,1,42,36-49,Male,White/Caucasian,German,Germany,Postgraduate,Full-time employed,Finance,Married,2.0,12,LinkedIn,Twitter/X,2-3 times a day,Within 1 hour,Rarely,Rarely,Rarely,No,Rarely,Rarely,Financial/Professional,6.0,8.5,Good,Daily,9.5,3,1,3,2,2,Rarely,Rarely,40,100,Low,Rarely,Rarely,Rarely,9,8,9,Good,58,Rarely,Rarely,2,Never,Rarely,2,2,Rarely,2,8,52,N/A,None/Minimal,1.5,2.0,9.2,2.0
P0163,synthetic_ai,1,38,36-49,Female,East Asian,Chinese,China,Postgraduate,Full-time employed,Marketing,Married,4.0,10,WeChat,Douyin/TikTok,Every few hours,Within 30 mins,Sometimes,Sometimes,Sometimes,Yes,Sometimes,Sometimes,Marketing/Lifestyle,8.0,7.5,Good,1-2x/week,8.5,5,2,5,5,4,Sometimes,Sometimes,22,55,Moderate,Sometimes,Sometimes,Rarely,5,5,5,Moderate,28,Sometimes,Sometimes,4,Sometimes,Sometimes,4,4,Sometimes,4,5,20,Comparison,Early,4.8,5.4,5.4,5.8
P0164,synthetic_ai,1,49,36-49,Male,Black/African,Zimbabwean,Zimbabwe,Undergraduate,Full-time employed,Government,Married,2.5,10,Facebook,LinkedIn,2-3 times a day,Within 1 hour,Rarely,Sometimes,Rarely,Yes,Rarely,Rarely,News/Professional,6.5,8.0,Good,3-4x/week,9.0,3,2,3,3,2,Rarely,Rarely,35,88,Low,Rarely,Rarely,Rarely,8,7,8,Good,50,Rarely,Rarely,2,Rarely,Rarely,2,2,Rarely,2,7,40,Boredom,None/Minimal,2.5,3.0,8.0,3.0
P0165,synthetic_ai,1,44,36-49,Female,South Asian,Nepali,Nepal,Undergraduate,Full-time employed,Healthcare,Married,3.5,9,Facebook,YouTube,2-3 times a day,Within 30 mins,Sometimes,Sometimes,Rarely,Yes,Rarely,Sometimes,Health/Parenting,7.5,7.5,Good,3-4x/week,8.5,4,2,4,4,3,Sometimes,Rarely,26,65,Low,Rarely,Sometimes,Rarely,7,6,7,Good,38,Rarely,Rarely,3,Rarely,Rarely,3,3,Rarely,3,6,28,Boredom,None/Minimal,3.2,3.8,7.0,4.0
P0166,synthetic_ai,1,39,36-49,Male,East Asian,South Korean,South Korea,Postgraduate,Full-time employed,Technology,Married,2.5,10,YouTube,LinkedIn,2-3 times a day,Within 1 hour,Rarely,Rarely,Rarely,No,Rarely,Rarely,Tech/Professional,6.5,8.0,Good,Daily,9.5,3,2,3,2,2,Rarely,Rarely,38,95,Low,Rarely,Rarely,Rarely,9,8,9,Good,55,Rarely,Rarely,2,Never,Rarely,2,2,Rarely,2,8,48,N/A,None/Minimal,1.8,2.4,8.8,2.2
P0167,synthetic_ai,1,45,36-49,Female,White/Caucasian,American,USA,Postgraduate,Full-time employed,Research,Married,2.0,12,LinkedIn,Twitter/X,2-3 times a day,Within 1 hour,Rarely,Rarely,Rarely,No,Rarely,Rarely,Academic/Professional,6.0,8.5,Good,Daily,9.5,3,1,3,2,2,Rarely,Rarely,40,100,Low,Rarely,Rarely,Rarely,9,8,9,Good,58,Rarely,Rarely,2,Never,Rarely,2,2,Rarely,2,8,55,N/A,None/Minimal,1.5,2.0,9.2,2.0
P0168,synthetic_ai,1,41,36-49,Male,Hispanic/Latino,Colombian,Colombia,Undergraduate,Full-time employed,Business,Married,3.0,9,Instagram,Facebook,2-3 times a day,Within 30 mins,Sometimes,Sometimes,Rarely,Yes,Rarely,Sometimes,Business/Entertainment,7.0,8.0,Good,3-4x/week,8.5,4,2,4,3,3,Sometimes,Rarely,28,70,Low,Rarely,Sometimes,Rarely,7,6,7,Good,40,Rarely,Rarely,3,Rarely,Rarely,3,3,Rarely,3,6,28,Boredom,None/Minimal,3.0,3.6,7.2,3.8
P0169,synthetic_ai,1,48,36-49,Female,Black/African,Senegalese,Senegal,Undergraduate,Full-time employed,Education,Married,3.5,8,Facebook,YouTube,2-3 times a day,Within 30 mins,Sometimes,Sometimes,Rarely,Yes,Rarely,Sometimes,Educational/Social,7.5,7.5,Good,3-4x/week,8.5,4,2,4,4,3,Sometimes,Rarely,26,65,Low,Rarely,Sometimes,Rarely,7,6,7,Good,38,Rarely,Rarely,3,Rarely,Rarely,3,3,Rarely,3,6,28,Boredom,None/Minimal,3.2,3.8,7.0,4.0
P0170,synthetic_ai,1,37,36-49,Male,Middle Eastern,Saudi,Saudi Arabia,Undergraduate,Full-time employed,Finance,Married,3.5,9,Instagram,Snapchat,2-3 times a day,Within 30 mins,Sometimes,Sometimes,Sometimes,Yes,Sometimes,Sometimes,Financial/Lifestyle,7.5,7.5,Good,1-2x/week,9.0,4,2,4,4,3,Sometimes,Sometimes,24,60,Low,Sometimes,Sometimes,Rarely,6,6,6,Good,34,Sometimes,Rarely,3,Rarely,Sometimes,3,3,Rarely,3,6,26,Boredom,None/Minimal,3.2,3.8,7.0,4.0
P0171,synthetic_ai,1,43,36-49,Female,East Asian,Japanese,Japan,Postgraduate,Full-time employed,Healthcare,Married,2.5,11,Instagram,YouTube,2-3 times a day,Within 1 hour,Rarely,Rarely,Rarely,No,Rarely,Rarely,Health/Lifestyle,6.5,8.0,Good,Daily,9.0,3,1,3,2,2,Rarely,Rarely,38,95,Low,Rarely,Rarely,Rarely,9,8,9,Good,55,Rarely,Rarely,2,Never,Rarely,2,2,Rarely,2,8,48,N/A,None/Minimal,1.8,2.4,8.8,2.2
P0172,synthetic_ai,1,40,36-49,Male,White/Caucasian,British,UK,Postgraduate,Full-time employed,Engineering,Married,2.0,12,LinkedIn,YouTube,2-3 times a day,Within 1 hour,Rarely,Rarely,Rarely,No,Rarely,Rarely,Tech/Professional,6.0,8.5,Good,Daily,9.5,3,1,3,2,2,Rarely,Rarely,40,100,Low,Rarely,Rarely,Rarely,9,8,9,Good,58,Rarely,Rarely,2,Never,Rarely,2,2,Rarely,2,8,52,N/A,None/Minimal,1.5,2.0,9.2,2.0
P0173,synthetic_ai,1,46,36-49,Female,South Asian,Indian,India,Postgraduate,Full-time employed,Government,Married,3.0,12,Facebook,YouTube,2-3 times a day,Within 1 hour,Rarely,Sometimes,Rarely,Yes,Rarely,Rarely,News/Government,7.0,8.0,Good,3-4x/week,8.5,4,2,4,3,3,Sometimes,Rarely,28,70,Low,Rarely,Sometimes,Rarely,7,6,7,Good,40,Rarely,Rarely,3,Rarely,Rarely,3,3,Rarely,3,6,30,Boredom,None/Minimal,3.0,3.6,7.2,3.8
P0174,synthetic_ai,1,42,36-49,Male,Black/African,Nigerian,Nigeria,Undergraduate,Full-time employed,Healthcare,Married,3.5,9,Facebook,YouTube,2-3 times a day,Within 30 mins,Sometimes,Sometimes,Rarely,Yes,Rarely,Sometimes,Health/Professional,7.5,7.5,Good,3-4x/week,8.5,4,2,4,4,3,Sometimes,Rarely,26,65,Low,Rarely,Sometimes,Rarely,7,6,7,Good,38,Rarely,Rarely,3,Rarely,Rarely,3,3,Rarely,3,6,28,Boredom,None/Minimal,3.2,3.8,7.0,4.0
P0175,synthetic_ai,1,47,36-49,Female,Hispanic/Latino,Mexican,Mexico,Undergraduate,Full-time employed,Retail,Married,4.0,10,Facebook,Instagram,Every few hours,Within 30 mins,Sometimes,Sometimes,Sometimes,Yes,Sometimes,Sometimes,Lifestyle/Parenting,8.0,7.5,Good,1-2x/week,8.0,5,2,5,4,4,Sometimes,Sometimes,22,55,Low,Sometimes,Rarely,Rarely,6,6,6,Good,30,Sometimes,Rarely,4,Rarely,Sometimes,4,4,Rarely,4,5,20,FOMO,Early,4.5,5.0,5.8,5.5
P0176,synthetic_ai,1,38,36-49,Male,East Asian,Chinese,China,Postgraduate,Full-time employed,Technology,Married,2.5,11,WeChat,LinkedIn,2-3 times a day,Within 1 hour,Rarely,Rarely,Rarely,No,Rarely,Rarely,Tech/Professional,6.5,8.0,Good,Daily,9.5,3,2,3,2,2,Rarely,Rarely,38,95,Low,Rarely,Rarely,Rarely,9,8,9,Good,55,Rarely,Rarely,2,Never,Rarely,2,2,Rarely,2,8,48,N/A,None/Minimal,1.8,2.4,8.8,2.2
P0177,synthetic_ai,1,44,36-49,Female,White/Caucasian,Spanish,Spain,Postgraduate,Full-time employed,Education,Married,2.5,11,Instagram,Facebook,2-3 times a day,Within 1 hour,Rarely,Rarely,Rarely,No,Rarely,Rarely,Educational/Lifestyle,6.5,8.0,Good,Daily,9.0,3,1,3,2,2,Rarely,Rarely,38,95,Low,Rarely,Rarely,Rarely,9,8,9,Good,55,Rarely,Rarely,2,Never,Rarely,2,2,Rarely,2,8,48,N/A,None/Minimal,1.8,2.4,8.8,2.2
P0178,synthetic_ai,1,36,36-49,Male,South Asian,Pakistani,Pakistan,Undergraduate,Full-time employed,Manufacturing,Married,3.5,8,YouTube,Facebook,2-3 times a day,Within 30 mins,Sometimes,Sometimes,Rarely,Yes,Rarely,Sometimes,Entertainment/Social,7.5,7.5,Good,3-4x/week,8.5,4,2,4,4,3,Sometimes,Rarely,26,65,Low,Rarely,Sometimes,Rarely,7,6,7,Good,38,Rarely,Rarely,3,Rarely,Rarely,3,3,Rarely,3,6,26,Boredom,None/Minimal,3.2,3.8,7.0,4.0
P0179,synthetic_ai,1,49,36-49,Female,Black/African,Kenyan,Kenya,Undergraduate,Full-time employed,Education,Married,3.0,10,Facebook,YouTube,2-3 times a day,Within 30 mins,Sometimes,Sometimes,Rarely,Yes,Rarely,Rarely,Educational/Parenting,7.0,8.0,Good,3-4x/week,8.5,4,2,4,3,3,Sometimes,Rarely,28,70,Low,Rarely,Sometimes,Rarely,7,6,7,Good,40,Rarely,Rarely,3,Rarely,Rarely,3,3,Rarely,3,6,30,Boredom,None/Minimal,3.0,3.6,7.2,3.8
P0180,synthetic_ai,1,41,36-49,Male,Middle Eastern,Egyptian,Egypt,Undergraduate,Full-time employed,Government,Married,3.5,9,Facebook,YouTube,2-3 times a day,Within 30 mins,Sometimes,Sometimes,Rarely,Yes,Rarely,Sometimes,News/Government,7.5,7.5,Good,3-4x/week,8.5,4,2,4,4,3,Sometimes,Rarely,26,65,Low,Rarely,Sometimes,Rarely,7,6,7,Good,38,Rarely,Rarely,3,Rarely,Rarely,3,3,Rarely,3,6,28,Boredom,None/Minimal,3.2,3.8,7.0,4.0

P0181,synthetic_ai,1,52,50-59,Male,White/Caucasian,American,USA,Postgraduate,Full-time employed,Government,Married,1.5,12,Facebook,LinkedIn,Once a day,Within 1 hour,Rarely,Rarely,Rarely,No,Never,Never,News/Politics,5.0,8.0,Good,Daily,9.0,2,1,2,2,1,Rarely,Rarely,50,120,Low,Rarely,Rarely,Rarely,9,8,9,Very good,60,Rarely,Rarely,1,Never,Never,1,1,Never,1,9,60,N/A,None/Minimal,1.2,1.8,9.5,1.5
P0182,synthetic_ai,1,58,50-59,Female,East Asian,Chinese,China,Postgraduate,Full-time employed,Healthcare,Married,1.5,10,WeChat,None,Once a day,Within 1 hour,Never,Never,Never,No,Never,Never,Health/Family,4.5,8.5,Good,Daily,9.0,2,1,2,1,1,Never,Never,55,130,Low,Rarely,Rarely,Never,9,9,9,Very good,65,Rarely,Rarely,1,Never,Never,1,1,Never,1,9,65,N/A,None/Minimal,1.0,1.5,9.6,1.2
P0183,synthetic_ai,1,55,50-59,Male,South Asian,Indian,India,Postgraduate,Full-time employed,Education,Married,2.0,11,YouTube,Facebook,2-3 times a day,Within 1 hour,Rarely,Rarely,Rarely,No,Rarely,Rarely,Educational/News,5.5,8.0,Good,3-4x/week,8.5,2,1,2,2,1,Rarely,Rarely,48,115,Low,Rarely,Rarely,Rarely,9,8,9,Good,58,Rarely,Rarely,1,Never,Rarely,1,1,Never,1,8,55,N/A,None/Minimal,1.5,2.0,9.2,1.8
P0184,synthetic_ai,1,61,60+,Female,Black/African,Nigerian,Nigeria,Undergraduate,Retired,Other,Married,1.5,8,Facebook,WhatsApp,Once a day,Within 1 hour,Never,Never,Never,No,Never,Never,Family/News,4.0,8.5,Good,Daily,0.0,2,1,2,1,1,Never,Never,55,130,Low,Never,Rarely,Never,9,9,9,Very good,65,Rarely,Never,1,Never,Never,1,1,Never,1,9,70,N/A,None/Minimal,1.0,1.4,9.7,1.2
P0185,synthetic_ai,1,53,50-59,Male,White/Caucasian,British,UK,Postgraduate,Full-time employed,Finance,Married,1.5,12,LinkedIn,Twitter/X,Once a day,Within 1 hour,Rarely,Rarely,Never,No,Never,Rarely,Financial/News,5.0,8.5,Good,Daily,9.5,2,1,2,2,1,Rarely,Never,52,125,Low,Rarely,Rarely,Never,9,8,9,Very good,60,Rarely,Rarely,1,Never,Never,1,1,Never,1,9,60,N/A,None/Minimal,1.2,1.8,9.5,1.5
P0186,synthetic_ai,1,67,60+,Female,Hispanic/Latino,Mexican,Mexico,Undergraduate,Retired,Other,Married,1.5,7,Facebook,WhatsApp,Once a day,Within 1 hour,Never,Never,Never,No,Never,Never,Family/Social,4.0,8.5,Very good,Daily,0.0,2,1,2,1,1,Never,Never,55,130,Low,Never,Rarely,Never,9,9,9,Very good,68,Rarely,Never,1,Never,Never,1,1,Never,1,9,72,N/A,None/Minimal,1.0,1.4,9.7,1.0
P0187,synthetic_ai,1,56,50-59,Male,East Asian,Japanese,Japan,Postgraduate,Full-time employed,Technology,Married,1.0,14,LinkedIn,Twitter/X,Once a day,Within 1 hour,Never,Rarely,Never,No,Never,Never,Tech/Professional,4.5,8.5,Good,Daily,9.5,2,1,2,1,1,Rarely,Never,55,130,Low,Rarely,Rarely,Never,9,9,9,Very good,65,Rarely,Rarely,1,Never,Never,1,1,Never,1,9,65,N/A,None/Minimal,1.0,1.5,9.6,1.2
P0188,synthetic_ai,1,63,60+,Female,South Asian,Indian,India,Postgraduate,Retired,Other,Married,1.5,8,Facebook,WhatsApp,Once a day,Within 1 hour,Never,Never,Never,No,Never,Never,Family/Religious,4.0,8.5,Very good,Daily,0.0,2,1,2,1,1,Never,Never,55,130,Low,Never,Rarely,Never,9,9,9,Very good,68,Rarely,Never,1,Never,Never,1,1,Never,1,9,75,N/A,None/Minimal,1.0,1.4,9.7,1.0
P0189,synthetic_ai,1,50,50-59,Male,Black/African,South African,South Africa,Postgraduate,Full-time employed,Healthcare,Married,2.0,10,Facebook,LinkedIn,2-3 times a day,Within 1 hour,Rarely,Rarely,Rarely,No,Rarely,Rarely,Health/Professional,5.5,8.0,Good,3-4x/week,9.0,2,1,2,2,1,Rarely,Rarely,48,115,Low,Rarely,Rarely,Rarely,9,8,9,Good,55,Rarely,Rarely,1,Never,Rarely,1,1,Never,1,8,52,N/A,None/Minimal,1.5,2.0,9.2,1.8
P0190,synthetic_ai,1,72,60+,Male,White/Caucasian,Australian,Australia,Undergraduate,Retired,Other,Married,1.0,6,Facebook,YouTube,Once a day,During morning routine,Never,Never,Never,No,Never,Never,News/Family,4.0,9.0,Very good,Daily,0.0,1,1,1,1,1,Never,Never,60,140,Low,Never,Never,Never,10,10,10,Excellent,70,Never,Never,1,Never,Never,1,1,Never,1,10,80,N/A,None/Minimal,0.8,1.2,9.8,0.8
P0191,synthetic_ai,1,54,50-59,Female,East Asian,South Korean,South Korea,Postgraduate,Full-time employed,Education,Married,2.0,11,Instagram,YouTube,2-3 times a day,Within 1 hour,Rarely,Rarely,Rarely,No,Rarely,Rarely,Educational/Parenting,5.5,8.0,Good,3-4x/week,8.5,2,1,2,2,1,Rarely,Rarely,48,115,Low,Rarely,Rarely,Rarely,9,8,9,Good,56,Rarely,Rarely,1,Never,Rarely,1,1,Never,1,8,52,N/A,None/Minimal,1.5,2.0,9.2,1.8
P0192,synthetic_ai,1,68,60+,Male,Hispanic/Latino,Brazilian,Brazil,Undergraduate,Retired,Other,Married,1.5,7,Facebook,WhatsApp,Once a day,Within 1 hour,Never,Never,Never,No,Never,Never,Family/News,4.0,8.5,Good,Daily,0.0,2,1,2,1,1,Never,Never,55,130,Low,Never,Rarely,Never,9,9,9,Very good,68,Rarely,Never,1,Never,Never,1,1,Never,1,9,72,N/A,None/Minimal,1.0,1.4,9.7,1.0
P0193,synthetic_ai,1,57,50-59,Female,White/Caucasian,American,USA,Postgraduate,Full-time employed,Research,Married,1.5,12,LinkedIn,Facebook,Once a day,Within 1 hour,Rarely,Rarely,Never,No,Never,Rarely,Academic/News,5.0,8.5,Good,Daily,9.5,2,1,2,2,1,Rarely,Never,52,125,Low,Rarely,Rarely,Never,9,8,9,Very good,60,Rarely,Rarely,1,Never,Never,1,1,Never,1,9,62,N/A,None/Minimal,1.2,1.8,9.5,1.5
P0194,synthetic_ai,1,64,60+,Female,Black/African,Kenyan,Kenya,Undergraduate,Retired,Other,Married,1.5,6,Facebook,WhatsApp,Once a day,Within 1 hour,Never,Never,Never,No,Never,Never,Family/Religious,4.0,8.5,Very good,Daily,0.0,2,1,2,1,1,Never,Never,55,130,Low,Never,Rarely,Never,9,9,9,Very good,68,Rarely,Never,1,Never,Never,1,1,Never,1,9,75,N/A,None/Minimal,1.0,1.4,9.7,1.0
P0195,synthetic_ai,1,51,50-59,Male,East Asian,Chinese,China,Postgraduate,Full-time employed,Government,Married,1.5,13,WeChat,LinkedIn,Once a day,Within 1 hour,Rarely,Rarely,Never,No,Never,Rarely,News/Professional,5.0,8.5,Good,Daily,9.0,2,1,2,1,1,Rarely,Never,52,125,Low,Rarely,Rarely,Never,9,8,9,Very good,60,Rarely,Rarely,1,Never,Never,1,1,Never,1,9,60,N/A,None/Minimal,1.0,1.5,9.6,1.2
P0196,synthetic_ai,1,70,60+,Female,White/Caucasian,British,UK,Undergraduate,Retired,Other,Married,1.0,5,Facebook,WhatsApp,Once a day,During morning routine,Never,Never,Never,No,Never,Never,News/Family,4.0,9.0,Very good,Daily,0.0,1,1,1,1,1,Never,Never,60,140,Low,Never,Never,Never,10,10,10,Excellent,70,Never,Never,1,Never,Never,1,1,Never,1,10,82,N/A,None/Minimal,0.8,1.2,9.8,0.8
P0197,synthetic_ai,1,55,50-59,Male,South Asian,Pakistani,Pakistan,Postgraduate,Full-time employed,Engineering,Married,2.0,11,YouTube,LinkedIn,2-3 times a day,Within 1 hour,Rarely,Rarely,Rarely,No,Rarely,Rarely,Tech/Professional,5.5,8.0,Good,3-4x/week,9.0,2,1,2,2,1,Rarely,Rarely,48,115,Low,Rarely,Rarely,Rarely,9,8,9,Good,56,Rarely,Rarely,1,Never,Rarely,1,1,Never,1,8,52,N/A,None/Minimal,1.5,2.0,9.2,1.8
P0198,synthetic_ai,1,62,60+,Male,Black/African,Ghanaian,Ghana,Undergraduate,Retired,Other,Married,1.5,7,Facebook,WhatsApp,Once a day,Within 1 hour,Never,Never,Never,No,Never,Never,Family/Religious,4.0,8.5,Very good,Daily,0.0,2,1,2,1,1,Never,Never,55,130,Low,Never,Rarely,Never,9,9,9,Very good,68,Rarely,Never,1,Never,Never,1,1,Never,1,9,72,N/A,None/Minimal,1.0,1.4,9.7,1.0
P0199,synthetic_ai,1,53,50-59,Female,Hispanic/Latino,Colombian,Colombia,Undergraduate,Full-time employed,Healthcare,Married,2.0,10,Facebook,YouTube,2-3 times a day,Within 1 hour,Rarely,Rarely,Rarely,No,Rarely,Rarely,Health/Family,5.5,8.0,Good,3-4x/week,8.5,2,1,2,2,1,Rarely,Rarely,48,115,Low,Rarely,Rarely,Rarely,9,8,9,Good,56,Rarely,Rarely,1,Never,Rarely,1,1,Never,1,8,52,N/A,None/Minimal,1.5,2.0,9.2,1.8
P0200,synthetic_ai,1,75,60+,Male,White/Caucasian,American,USA,Undergraduate,Retired,Other,Married,0.5,4,Facebook,None,Once a week,During morning routine,Never,Never,Never,No,Never,Never,News/Family,3.0,9.0,Very good,Daily,0.0,1,1,1,1,1,Never,Never,65,150,Low,Never,Never,Never,10,10,10,Excellent,72,Never,Never,1,Never,Never,1,1,Never,0,10,90,N/A,None/Minimal,0.5,1.0,9.9,0.5
P0201,synthetic_ai,1,59,50-59,Female,East Asian,Vietnamese,Vietnam,Undergraduate,Full-time employed,Retail,Married,2.0,9,Facebook,Zalo,2-3 times a day,Within 1 hour,Rarely,Rarely,Rarely,No,Rarely,Rarely,Family/Entertainment,5.5,8.0,Good,1-2x/week,8.0,2,1,2,2,1,Rarely,Rarely,48,115,Low,Rarely,Rarely,Rarely,9,8,9,Good,55,Rarely,Rarely,1,Never,Rarely,1,1,Never,1,8,52,N/A,None/Minimal,1.5,2.0,9.2,1.8
P0202,synthetic_ai,1,66,60+,Male,South Asian,Indian,India,Postgraduate,Retired,Other,Married,1.5,8,Facebook,WhatsApp,Once a day,Within 1 hour,Never,Never,Never,No,Never,Never,Family/Religious,4.0,8.5,Very good,Daily,0.0,2,1,2,1,1,Never,Never,55,130,Low,Never,Rarely,Never,9,9,9,Very good,68,Rarely,Never,1,Never,Never,1,1,Never,1,9,76,N/A,None/Minimal,1.0,1.4,9.7,1.0
P0203,synthetic_ai,1,54,50-59,Female,White/Caucasian,German,Germany,Postgraduate,Full-time employed,Education,Married,1.5,12,Facebook,Instagram,2-3 times a day,Within 1 hour,Rarely,Rarely,Never,No,Never,Rarely,Educational/Lifestyle,5.0,8.5,Good,Daily,8.5,2,1,2,2,1,Rarely,Never,52,125,Low,Rarely,Rarely,Never,9,8,9,Very good,60,Rarely,Rarely,1,Never,Never,1,1,Never,1,9,60,N/A,None/Minimal,1.2,1.8,9.5,1.5
P0204,synthetic_ai,1,71,60+,Female,Black/African,Nigerian,Nigeria,Undergraduate,Retired,Other,Married,1.0,6,Facebook,WhatsApp,Once a day,During morning routine,Never,Never,Never,No,Never,Never,Family/Religious,4.0,9.0,Very good,Daily,0.0,1,1,1,1,1,Never,Never,60,140,Low,Never,Never,Never,10,10,10,Excellent,72,Never,Never,1,Never,Never,1,1,Never,0,10,82,N/A,None/Minimal,0.8,1.2,9.8,0.8
P0205,synthetic_ai,1,52,50-59,Male,Hispanic/Latino,Argentinian,Argentina,Undergraduate,Full-time employed,Finance,Married,2.0,10,LinkedIn,Facebook,2-3 times a day,Within 1 hour,Rarely,Rarely,Rarely,No,Rarely,Rarely,Financial/News,5.5,8.0,Good,3-4x/week,9.0,2,1,2,2,1,Rarely,Rarely,48,115,Low,Rarely,Rarely,Rarely,9,8,9,Good,56,Rarely,Rarely,1,Never,Rarely,1,1,Never,1,8,52,N/A,None/Minimal,1.5,2.0,9.2,1.8
P0206,synthetic_ai,1,60,50-59,Female,East Asian,Japanese,Japan,Postgraduate,Full-time employed,Healthcare,Married,1.5,12,Instagram,Facebook,Once a day,Within 1 hour,Rarely,Rarely,Never,No,Never,Rarely,Health/Family,5.0,8.5,Good,Daily,9.0,2,1,2,1,1,Rarely,Never,52,125,Low,Rarely,Rarely,Never,9,8,9,Very good,62,Rarely,Rarely,1,Never,Never,1,1,Never,1,9,62,N/A,None/Minimal,1.0,1.5,9.6,1.2
P0207,synthetic_ai,1,65,60+,Male,White/Caucasian,Canadian,Canada,Postgraduate,Retired,Other,Married,1.0,8,YouTube,Facebook,Once a day,During morning routine,Never,Never,Never,No,Never,Never,News/Hobbies,4.0,9.0,Very good,Daily,0.0,1,1,1,1,1,Never,Never,60,140,Low,Never,Never,Never,10,10,10,Excellent,72,Never,Never,1,Never,Never,1,1,Never,0,10,82,N/A,None/Minimal,0.8,1.2,9.8,0.8
P0208,synthetic_ai,1,57,50-59,Female,South Asian,Sri Lankan,Sri Lanka,Undergraduate,Full-time employed,Education,Married,2.0,9,Facebook,YouTube,2-3 times a day,Within 1 hour,Rarely,Rarely,Rarely,No,Rarely,Rarely,Educational/Family,5.5,8.0,Good,3-4x/week,8.5,2,1,2,2,1,Rarely,Rarely,48,115,Low,Rarely,Rarely,Rarely,9,8,9,Good,55,Rarely,Rarely,1,Never,Rarely,1,1,Never,1,8,52,N/A,None/Minimal,1.5,2.0,9.2,1.8
P0209,synthetic_ai,1,69,60+,Male,Black/African,Ethiopian,Ethiopia,Undergraduate,Retired,Other,Married,1.0,5,Facebook,WhatsApp,Once a day,During morning routine,Never,Never,Never,No,Never,Never,Family/Religious,4.0,9.0,Very good,Daily,0.0,1,1,1,1,1,Never,Never,60,140,Low,Never,Never,Never,10,9,10,Excellent,70,Never,Never,1,Never,Never,1,1,Never,0,10,80,N/A,None/Minimal,0.8,1.2,9.8,0.8
P0210,synthetic_ai,1,53,50-59,Female,Hispanic/Latino,Mexican,Mexico,Undergraduate,Full-time employed,Government,Married,2.0,10,Facebook,YouTube,2-3 times a day,Within 1 hour,Rarely,Rarely,Rarely,No,Rarely,Rarely,News/Family,5.5,8.0,Good,3-4x/week,8.5,2,1,2,2,1,Rarely,Rarely,48,115,Low,Rarely,Rarely,Rarely,9,8,9,Good,55,Rarely,Rarely,1,Never,Rarely,1,1,Never,1,8,52,N/A,None/Minimal,1.5,2.0,9.2,1.8
P0211,synthetic_ai,1,58,50-59,Male,East Asian,Chinese,China,Postgraduate,Full-time employed,Technology,Married,1.5,14,WeChat,LinkedIn,Once a day,Within 1 hour,Rarely,Rarely,Never,No,Never,Rarely,Tech/Professional,5.0,8.5,Good,Daily,9.5,2,1,2,1,1,Rarely,Never,52,125,Low,Rarely,Rarely,Never,9,8,9,Very good,62,Rarely,Rarely,1,Never,Never,1,1,Never,1,9,62,N/A,None/Minimal,1.0,1.5,9.6,1.2
P0212,synthetic_ai,1,73,60+,Female,White/Caucasian,British,UK,Undergraduate,Retired,Other,Married,0.5,5,Facebook,None,Once a week,During morning routine,Never,Never,Never,No,Never,Never,News/Family,3.0,9.0,Very good,Daily,0.0,1,1,1,1,1,Never,Never,65,150,Low,Never,Never,Never,10,10,10,Excellent,72,Never,Never,1,Never,Never,1,1,Never,0,10,90,N/A,None/Minimal,0.5,1.0,9.9,0.5
P0213,synthetic_ai,1,51,50-59,Male,South Asian,Indian,India,Postgraduate,Full-time employed,Healthcare,Married,2.0,12,YouTube,Facebook,2-3 times a day,Within 1 hour,Rarely,Rarely,Rarely,No,Rarely,Rarely,Health/Professional,5.5,8.0,Good,3-4x/week,9.0,2,1,2,2,1,Rarely,Rarely,48,115,Low,Rarely,Rarely,Rarely,9,8,9,Good,56,Rarely,Rarely,1,Never,Rarely,1,1,Never,1,8,52,N/A,None/Minimal,1.5,2.0,9.2,1.8
P0214,synthetic_ai,1,64,60+,Female,Hispanic/Latino,Brazilian,Brazil,Undergraduate,Retired,Other,Married,1.5,7,Facebook,WhatsApp,Once a day,Within 1 hour,Never,Never,Never,No,Never,Never,Family/Social,4.0,8.5,Good,Daily,0.0,2,1,2,1,1,Never,Never,55,130,Low,Never,Rarely,Never,9,9,9,Very good,68,Rarely,Never,1,Never,Never,1,1,Never,1,9,72,N/A,None/Minimal,1.0,1.4,9.7,1.0
P0215,synthetic_ai,1,55,50-59,Male,White/Caucasian,Australian,Australia,Postgraduate,Full-time employed,Engineering,Married,2.0,12,LinkedIn,YouTube,2-3 times a day,Within 1 hour,Rarely,Rarely,Rarely,No,Rarely,Rarely,Tech/Professional,5.5,8.0,Good,Daily,9.5,2,1,2,2,1,Rarely,Rarely,48,115,Low,Rarely,Rarely,Rarely,9,8,9,Good,56,Rarely,Rarely,1,Never,Rarely,1,1,Never,1,8,55,N/A,None/Minimal,1.5,2.0,9.2,1.8
P0216,synthetic_ai,1,67,60+,Female,East Asian,South Korean,South Korea,Undergraduate,Retired,Other,Married,1.5,8,Instagram,Facebook,Once a day,Within 1 hour,Never,Never,Never,No,Never,Never,Family/Entertainment,4.0,8.5,Good,Daily,0.0,2,1,2,1,1,Never,Never,55,130,Low,Never,Rarely,Never,9,9,9,Very good,68,Rarely,Never,1,Never,Never,1,1,Never,1,9,72,N/A,None/Minimal,1.0,1.4,9.7,1.0
P0217,synthetic_ai,1,56,50-59,Male,Black/African,South African,South Africa,Undergraduate,Full-time employed,Finance,Married,2.0,10,LinkedIn,Facebook,2-3 times a day,Within 1 hour,Rarely,Rarely,Rarely,No,Rarely,Rarely,Financial/Professional,5.5,8.0,Good,3-4x/week,9.0,2,1,2,2,1,Rarely,Rarely,48,115,Low,Rarely,Rarely,Rarely,9,8,9,Good,56,Rarely,Rarely,1,Never,Rarely,1,1,Never,1,8,52,N/A,None/Minimal,1.5,2.0,9.2,1.8
P0218,synthetic_ai,1,70,60+,Female,South Asian,Indian,India,Undergraduate,Retired,Other,Married,1.0,6,Facebook,WhatsApp,Once a day,During morning routine,Never,Never,Never,No,Never,Never,Family/Religious,4.0,9.0,Very good,Daily,0.0,1,1,1,1,1,Never,Never,60,140,Low,Never,Never,Never,10,9,10,Excellent,70,Never,Never,1,Never,Never,1,1,Never,0,10,82,N/A,None/Minimal,0.8,1.2,9.8,0.8
P0219,synthetic_ai,1,53,50-59,Male,Hispanic/Latino,Colombian,Colombia,Undergraduate,Full-time employed,Business,Married,2.0,9,Facebook,LinkedIn,2-3 times a day,Within 1 hour,Rarely,Rarely,Rarely,No,Rarely,Rarely,Business/News,5.5,8.0,Good,3-4x/week,8.5,2,1,2,2,1,Rarely,Rarely,48,115,Low,Rarely,Rarely,Rarely,9,8,9,Good,56,Rarely,Rarely,1,Never,Rarely,1,1,Never,1,8,52,N/A,None/Minimal,1.5,2.0,9.2,1.8
P0220,synthetic_ai,1,62,60+,Female,White/Caucasian,French,France,Postgraduate,Retired,Other,Married,1.0,8,Facebook,Instagram,Once a day,During morning routine,Never,Never,Never,No,Never,Never,Lifestyle/Family,4.0,9.0,Very good,Daily,0.0,1,1,1,1,1,Never,Never,60,140,Low,Never,Never,Never,10,10,10,Excellent,72,Never,Never,1,Never,Never,1,1,Never,0,10,82,N/A,None/Minimal,0.8,1.2,9.8,0.8
P0221,synthetic_ai,1,57,50-59,Male,East Asian,Indonesian,Indonesia,Undergraduate,Full-time employed,Government,Married,2.0,9,Facebook,YouTube,2-3 times a day,Within 1 hour,Rarely,Rarely,Rarely,No,Rarely,Rarely,News/Family,5.5,8.0,Good,3-4x/week,8.5,2,1,2,2,1,Rarely,Rarely,48,115,Low,Rarely,Rarely,Rarely,9,8,9,Good,55,Rarely,Rarely,1,Never,Rarely,1,1,Never,1,8,52,N/A,None/Minimal,1.5,2.0,9.2,1.8
P0222,synthetic_ai,1,65,60+,Female,Black/African,Nigerian,Nigeria,Undergraduate,Retired,Other,Married,1.5,7,Facebook,WhatsApp,Once a day,Within 1 hour,Never,Never,Never,No,Never,Never,Family/Religious,4.0,8.5,Very good,Daily,0.0,2,1,2,1,1,Never,Never,55,130,Low,Never,Rarely,Never,9,9,9,Very good,68,Rarely,Never,1,Never,Never,1,1,Never,1,9,74,N/A,None/Minimal,1.0,1.4,9.7,1.0
P0223,synthetic_ai,1,52,50-59,Male,White/Caucasian,Spanish,Spain,Postgraduate,Full-time employed,Technology,Married,1.5,12,LinkedIn,YouTube,Once a day,Within 1 hour,Rarely,Rarely,Never,No,Never,Rarely,Tech/Professional,5.0,8.5,Good,Daily,9.5,2,1,2,1,1,Rarely,Never,52,125,Low,Rarely,Rarely,Never,9,8,9,Very good,62,Rarely,Rarely,1,Never,Never,1,1,Never,1,9,62,N/A,None/Minimal,1.0,1.5,9.6,1.2
P0224,synthetic_ai,1,68,60+,Male,East Asian,Thai,Thailand,Undergraduate,Retired,Other,Married,1.0,5,Facebook,YouTube,Once a day,During morning routine,Never,Never,Never,No,Never,Never,Family/Hobbies,4.0,9.0,Very good,Daily,0.0,1,1,1,1,1,Never,Never,60,140,Low,Never,Never,Never,10,10,10,Excellent,72,Never,Never,1,Never,Never,1,1,Never,0,10,82,N/A,None/Minimal,0.8,1.2,9.8,0.8
P0225,synthetic_ai,1,54,50-59,Female,South Asian,Bangladeshi,Bangladesh,Undergraduate,Full-time employed,Education,Married,2.0,9,Facebook,YouTube,2-3 times a day,Within 1 hour,Rarely,Rarely,Rarely,No,Rarely,Rarely,Educational/Family,5.5,8.0,Good,3-4x/week,8.5,2,1,2,2,1,Rarely,Rarely,48,115,Low,Rarely,Rarely,Rarely,9,8,9,Good,55,Rarely,Rarely,1,Never,Rarely,1,1,Never,1,8,52,N/A,None/Minimal,1.5,2.0,9.2,1.8
P0226,synthetic_ai,1,71,60+,Female,Hispanic/Latino,Peruvian,Peru,Undergraduate,Retired,Other,Married,1.0,5,Facebook,WhatsApp,Once a day,During morning routine,Never,Never,Never,No,Never,Never,Family/Religious,4.0,9.0,Very good,Daily,0.0,1,1,1,1,1,Never,Never,60,140,Low,Never,Never,Never,10,9,10,Excellent,70,Never,Never,1,Never,Never,1,1,Never,0,10,82,N/A,None/Minimal,0.8,1.2,9.8,0.8
P0227,synthetic_ai,1,59,50-59,Male,Black/African,Cameroonian,Cameroon,Undergraduate,Full-time employed,Healthcare,Married,2.0,8,Facebook,YouTube,2-3 times a day,Within 1 hour,Rarely,Rarely,Rarely,No,Rarely,Rarely,Health/Family,5.5,8.0,Good,3-4x/week,8.5,2,1,2,2,1,Rarely,Rarely,48,115,Low,Rarely,Rarely,Rarely,9,8,9,Good,55,Rarely,Rarely,1,Never,Rarely,1,1,Never,1,8,52,N/A,None/Minimal,1.5,2.0,9.2,1.8
P0228,synthetic_ai,1,66,60+,Male,White/Caucasian,American,USA,Postgraduate,Retired,Other,Married,1.0,8,YouTube,Facebook,Once a day,During morning routine,Never,Never,Never,No,Never,Never,News/Hobbies,4.0,9.0,Very good,Daily,0.0,1,1,1,1,1,Never,Never,62,142,Low,Never,Never,Never,10,10,10,Excellent,72,Never,Never,1,Never,Never,1,1,Never,0,10,84,N/A,None/Minimal,0.8,1.2,9.8,0.8
P0229,synthetic_ai,1,55,50-59,Female,East Asian,Malaysian,Malaysia,Undergraduate,Full-time employed,Retail,Married,2.5,9,Facebook,Instagram,2-3 times a day,Within 1 hour,Rarely,Rarely,Rarely,No,Rarely,Rarely,Family/Lifestyle,6.0,8.0,Good,1-2x/week,8.0,2,1,2,2,1,Rarely,Rarely,46,112,Low,Rarely,Rarely,Rarely,9,8,9,Good,54,Rarely,Rarely,2,Rarely,Rarely,2,2,Rarely,2,8,50,Boredom,None/Minimal,1.8,2.4,8.8,2.2
P0230,synthetic_ai,1,63,60+,Female,South Asian,Indian,India,Undergraduate,Retired,Other,Married,1.5,8,Facebook,WhatsApp,Once a day,Within 1 hour,Never,Never,Never,No,Never,Never,Family/Religious,4.0,8.5,Very good,Daily,0.0,2,1,2,1,1,Never,Never,55,130,Low,Never,Rarely,Never,9,9,9,Very good,68,Rarely,Never,1,Never,Never,1,1,Never,1,9,76,N/A,None/Minimal,1.0,1.4,9.7,1.0
P0231,synthetic_ai,1,50,50-59,Male,White/Caucasian,German,Germany,Postgraduate,Full-time employed,Finance,Married,2.0,12,LinkedIn,Twitter/X,2-3 times a day,Within 1 hour,Rarely,Rarely,Never,No,Never,Rarely,Financial/News,5.5,8.0,Good,Daily,9.5,2,1,2,2,1,Rarely,Never,50,122,Low,Rarely,Rarely,Never,9,8,9,Very good,58,Rarely,Rarely,1,Never,Never,1,1,Never,1,8,55,N/A,None/Minimal,1.5,2.0,9.2,1.8
P0232,synthetic_ai,1,74,60+,Male,Black/African,South African,South Africa,Undergraduate,Retired,Other,Married,0.5,4,Facebook,WhatsApp,Once a week,During morning routine,Never,Never,Never,No,Never,Never,Family/News,3.0,9.0,Very good,Daily,0.0,1,1,1,1,1,Never,Never,65,150,Low,Never,Never,Never,10,10,10,Excellent,72,Never,Never,1,Never,Never,1,1,Never,0,10,90,N/A,None/Minimal,0.5,1.0,9.9,0.5
P0233,synthetic_ai,1,52,50-59,Female,Hispanic/Latino,Venezuelan,Venezuela,Undergraduate,Full-time employed,Education,Married,2.0,9,Facebook,YouTube,2-3 times a day,Within 1 hour,Rarely,Rarely,Rarely,No,Rarely,Rarely,Educational/Family,5.5,8.0,Good,3-4x/week,8.0,2,1,2,2,1,Rarely,Rarely,48,115,Low,Rarely,Rarely,Rarely,9,8,9,Good,55,Rarely,Rarely,1,Never,Rarely,1,1,Never,1,8,52,N/A,None/Minimal,1.5,2.0,9.2,1.8
P0234,synthetic_ai,1,61,60+,Male,East Asian,Filipino,Philippines,Undergraduate,Retired,Other,Married,1.5,7,Facebook,YouTube,Once a day,Within 1 hour,Never,Never,Never,No,Never,Never,Family/Entertainment,4.0,8.5,Good,Daily,0.0,2,1,2,1,1,Never,Never,55,130,Low,Never,Rarely,Never,9,9,9,Very good,68,Rarely,Never,1,Never,Never,1,1,Never,1,9,72,N/A,None/Minimal,1.0,1.4,9.7,1.0
P0235,synthetic_ai,1,57,50-59,Female,White/Caucasian,Canadian,Canada,Postgraduate,Full-time employed,Healthcare,Married,1.5,12,Facebook,LinkedIn,Once a day,Within 1 hour,Rarely,Rarely,Never,No,Never,Rarely,Health/Professional,5.0,8.5,Good,Daily,9.0,2,1,2,2,1,Rarely,Never,52,125,Low,Rarely,Rarely,Never,9,8,9,Very good,60,Rarely,Rarely,1,Never,Never,1,1,Never,1,9,62,N/A,None/Minimal,1.2,1.8,9.5,1.5
P0236,synthetic_ai,1,69,60+,Male,Hispanic/Latino,Argentinian,Argentina,Undergraduate,Retired,Other,Married,1.0,6,Facebook,WhatsApp,Once a day,During morning routine,Never,Never,Never,No,Never,Never,Family/Hobbies,4.0,9.0,Very good,Daily,0.0,1,1,1,1,1,Never,Never,60,140,Low,Never,Never,Never,10,9,10,Excellent,70,Never,Never,1,Never,Never,1,1,Never,0,10,82,N/A,None/Minimal,0.8,1.2,9.8,0.8
P0237,synthetic_ai,1,54,50-59,Female,East Asian,Vietnamese,Vietnam,Undergraduate,Full-time employed,Retail,Married,2.5,9,Facebook,Zalo,2-3 times a day,Within 1 hour,Rarely,Rarely,Rarely,No,Rarely,Rarely,Family/Lifestyle,6.0,8.0,Good,1-2x/week,8.0,2,1,2,2,1,Rarely,Rarely,46,112,Low,Rarely,Rarely,Rarely,9,8,9,Good,54,Rarely,Rarely,2,Rarely,Rarely,2,2,Rarely,2,8,50,Boredom,None/Minimal,1.8,2.4,8.8,2.2
P0238,synthetic_ai,1,58,50-59,Male,South Asian,Pakistani,Pakistan,Undergraduate,Full-time employed,Government,Married,2.0,10,Facebook,YouTube,2-3 times a day,Within 1 hour,Rarely,Rarely,Rarely,No,Rarely,Rarely,News/Government,5.5,8.0,Good,3-4x/week,9.0,2,1,2,2,1,Rarely,Rarely,48,115,Low,Rarely,Rarely,Rarely,9,8,9,Good,55,Rarely,Rarely,1,Never,Rarely,1,1,Never,1,8,52,N/A,None/Minimal,1.5,2.0,9.2,1.8
P0239,synthetic_ai,1,72,60+,Female,Black/African,Kenyan,Kenya,Undergraduate,Retired,Other,Married,1.0,5,Facebook,WhatsApp,Once a day,During morning routine,Never,Never,Never,No,Never,Never,Family/Religious,4.0,9.0,Very good,Daily,0.0,1,1,1,1,1,Never,Never,60,140,Low,Never,Never,Never,10,9,10,Excellent,70,Never,Never,1,Never,Never,1,1,Never,0,10,82,N/A,None/Minimal,0.8,1.2,9.8,0.8
P0240,synthetic_ai,1,51,50-59,Male,White/Caucasian,Australian,Australia,Postgraduate,Full-time employed,Research,Married,1.5,12,LinkedIn,Twitter/X,Once a day,Within 1 hour,Rarely,Rarely,Never,No,Never,Rarely,Academic/Professional,5.0,8.5,Good,Daily,9.5,2,1,2,1,1,Rarely,Never,52,125,Low,Rarely,Rarely,Never,9,8,9,Very good,62,Rarely,Rarely,1,Never,Never,1,1,Never,1,9,62,N/A,None/Minimal,1.0,1.5,9.6,1.2

P0241,synthetic_ai,1,45,36-49,Male,White/Caucasian,American,USA,Postgraduate,Full-time employed,Technology,Divorced,6.5,12,YouTube,Reddit,Every few hours,Within 5 mins of waking,Daily,Often,Often,Yes,Yes,Daily,Gaming/Political content,10.5,6.0,Poor,Never,8.5,8,4,7,5,6,Yes,Yes,15,30,High,Yes,Yes,Yes,4,4,4,Low,15,Yes,Yes,7,Daily,Yes,8,7,Yes,8,4,10,Boredom,Severe,7.5,8.0,3.2,8.5
P0242,synthetic_ai,1,38,36-49,Female,East Asian,Chinese,China,Postgraduate,Full-time employed,Marketing,Single,7.0,10,Douyin/TikTok,WeChat,Constantly,Within 5 mins of waking,Daily,Always,Often,Yes,Yes,Daily,Short video/Reels,11.0,6.0,Poor,Never,8.5,9,5,8,8,8,Yes,Yes,10,20,High,Yes,Yes,Yes,4,3,4,Low,10,Yes,Yes,8,Daily,Yes,9,8,Yes,9,3,7,Dopamine rush,Critical,8.8,9.2,2.2,9.5
P0243,synthetic_ai,1,33,28-35,Non-binary,White/Caucasian,American,USA,Undergraduate,Full-time employed,Creative,Single,6.0,8,TikTok,Instagram,Every few hours,Within 30 mins,Daily,Often,Often,Yes,Yes,Daily,Short video/Creative,10.0,6.5,Fair,1-2x/week,7.5,7,4,6,6,6,Yes,Yes,14,30,High,Yes,Yes,Yes,4,4,4,Low,16,Yes,Yes,6,Daily,Yes,7,7,Yes,7,3,8,Boredom,Severe,7.2,7.8,3.4,8.2
P0244,synthetic_ai,1,27,23-27,Female,Black/African,American,USA,Undergraduate,Job seeker,Other,Single,7.5,7,Instagram,TikTok,Constantly,Within 5 mins of waking,Daily,Always,Always,Yes,Yes,Daily,Short video/Reels,11.5,5.5,Poor,Never,0.0,9,5,8,8,9,Yes,Yes,8,18,High,Yes,Yes,Yes,3,3,3,Low,9,Yes,Yes,8,Daily,Yes,9,9,Yes,10,2,3,Boredom/Depression,Critical,9.2,9.5,2.0,9.7
P0245,synthetic_ai,1,19,18-22,Male,Native American,American,USA,High school,Student,Education,Single,8.0,5,YouTube,TikTok,Constantly,Within 5 mins of waking,Daily,Always,Often,Yes,Yes,Daily,Gaming/Short video,12.0,5.0,Very poor,Never,6.0,10,5,9,7,8,Yes,Yes,7,14,High,Yes,Yes,Yes,3,2,3,Low,8,Yes,Yes,9,Daily,Yes,10,8,Yes,10,1,1,Boredom,Critical,9.5,9.8,1.5,9.9
P0246,synthetic_ai,1,42,36-49,Female,White/Caucasian,Australian,Australia,Postgraduate,Self-employed,Creative,Divorced,5.5,10,Instagram,Pinterest,Every few hours,Within 30 mins,Daily,Sometimes,Sometimes,Yes,Sometimes,Often,Creative/Lifestyle,9.5,7.0,Fair,3-4x/week,7.5,6,3,6,6,5,Yes,Sometimes,16,38,Moderate,Sometimes,Sometimes,Sometimes,5,5,5,Moderate,22,Yes,Sometimes,5,Often,Sometimes,5,5,Sometimes,5,4,12,Perfectionism,Moderate,5.8,6.4,4.6,6.8
P0247,synthetic_ai,1,29,28-35,Non-binary,Hispanic/Latino,Mexican,Mexico,Postgraduate,Full-time employed,Technology,In a relationship,4.5,7,Twitter/X,Reddit,Every few hours,Within 30 mins,Sometimes,Sometimes,Sometimes,Yes,Sometimes,Sometimes,News/Tech,8.5,7.5,Fair,1-2x/week,8.5,5,3,5,4,4,Sometimes,Sometimes,20,50,Moderate,Sometimes,Sometimes,Sometimes,5,5,5,Moderate,26,Yes,Sometimes,4,Sometimes,Sometimes,4,4,Sometimes,4,5,16,Overwhelm,Early,5.0,5.6,5.1,6.0
P0248,synthetic_ai,1,16,13-17,Female,South Asian,Indian,India,High school,Student,Education,Single,9.0,4,Instagram,YouTube,Constantly,Within 5 mins of waking,Daily,Always,Always,Yes,Yes,Daily,Short video/Reels,13.0,4.5,Very poor,Never,5.5,10,5,10,9,10,Yes,Yes,5,10,High,Yes,Yes,Yes,2,2,2,Very low,5,Yes,Yes,10,Daily,Yes,10,10,Yes,10,1,1,Validation seeking,Critical,9.8,10.0,1.2,10.0
P0249,synthetic_ai,1,23,18-22,Male,East Asian,South Korean,South Korea,Undergraduate,Student,Education,Single,8.5,6,YouTube,TikTok,Constantly,Within 5 mins of waking,Daily,Always,Always,Yes,Yes,Daily,Gaming/Short video,12.5,5.0,Very poor,Never,5.5,10,5,9,8,8,Yes,Yes,6,12,High,Yes,Yes,Yes,2,2,2,Very low,6,Yes,Yes,9,Daily,Yes,10,9,Yes,10,1,1,Gaming/SM combined,Critical,9.6,9.9,1.4,9.9
P0250,synthetic_ai,1,35,28-35,Female,Black/African,American,USA,Undergraduate,Full-time employed,Healthcare,Married,3.5,8,Facebook,Instagram,Every few hours,Within 30 mins,Sometimes,Sometimes,Sometimes,Yes,Sometimes,Sometimes,Health/Social,7.5,7.5,Good,3-4x/week,8.5,4,2,4,4,3,Sometimes,Sometimes,24,60,Moderate,Sometimes,Sometimes,Rarely,6,6,6,Good,35,Sometimes,Rarely,3,Rarely,Sometimes,3,3,Rarely,3,6,22,Comparison,None/Minimal,3.2,3.8,7.0,4.0
P0251,synthetic_ai,1,18,18-22,Female,White/Caucasian,American,USA,High school,Student,Education,Single,9.0,5,Instagram,TikTok,Constantly,Within 5 mins of waking,Daily,Always,Always,Yes,Yes,Daily,Short video/Reels,13.0,4.5,Very poor,Never,6.0,10,5,10,10,10,Yes,Yes,5,10,High,Yes,Yes,Yes,2,2,2,Very low,5,Yes,Yes,10,Daily,Yes,10,10,Yes,10,1,1,Validation seeking,Critical,9.9,10.0,1.1,10.0
P0252,synthetic_ai,1,31,28-35,Male,South Asian,Indian,India,Postgraduate,Full-time employed,Technology,Single,6.5,9,YouTube,Reddit,Every few hours,Within 30 mins,Daily,Often,Sometimes,Yes,Yes,Often,Tech/Gaming,10.5,6.5,Fair,1-2x/week,8.5,7,4,6,5,5,Yes,Sometimes,15,35,Moderate,Yes,Yes,Sometimes,5,4,5,Moderate,20,Yes,Yes,5,Often,Yes,7,6,Sometimes,7,4,10,Boredom,Moderate,6.2,6.8,4.2,7.2
P0253,synthetic_ai,1,25,23-27,Non-binary,White/Caucasian,British,UK,Undergraduate,Part-time employed,Creative,Single,5.5,6,TikTok,Instagram,Every few hours,Within 30 mins,Daily,Often,Sometimes,Yes,Yes,Often,Creative/Short video,9.5,7.0,Fair,1-2x/week,6.0,7,4,6,6,6,Yes,Yes,14,32,Moderate,Yes,Yes,Sometimes,4,4,4,Moderate,16,Yes,Yes,6,Often,Yes,7,7,Yes,7,3,8,FOMO,Severe,7.2,7.7,3.5,8.1
P0254,synthetic_ai,1,40,36-49,Male,Hispanic/Latino,Brazilian,Brazil,Undergraduate,Freelancer,Creative,Divorced,6.0,10,Instagram,YouTube,Every few hours,Within 30 mins,Often,Often,Sometimes,Yes,Yes,Often,Creative/Entertainment,10.0,6.5,Fair,1-2x/week,6.5,7,4,6,5,6,Yes,Sometimes,15,35,Moderate,Sometimes,Yes,Sometimes,5,4,5,Moderate,20,Yes,Yes,5,Often,Yes,7,6,Sometimes,7,4,12,Low motivation,Moderate,6.5,7.0,3.9,7.4
P0255,synthetic_ai,1,22,18-22,Female,Black/African,Nigerian,Nigeria,Undergraduate,Student,Education,Single,8.0,5,TikTok,Instagram,Constantly,Within 5 mins of waking,Daily,Always,Often,Yes,Yes,Daily,Short video/Fashion,12.0,5.5,Poor,Never,5.5,9,5,8,8,9,Yes,Yes,8,17,High,Yes,Yes,Yes,3,3,3,Low,9,Yes,Yes,8,Daily,Yes,9,9,Yes,9,2,3,Comparison/Validation,Critical,9.3,9.6,1.9,9.8
P0256,synthetic_ai,1,47,36-49,Female,Middle Eastern,Iranian,Iran,Postgraduate,Full-time employed,Education,Married,4.5,9,Instagram,Telegram,Every few hours,Within 30 mins,Sometimes,Often,Sometimes,Yes,Sometimes,Often,Educational/Social,8.5,7.0,Fair,1-2x/week,8.5,5,3,5,5,4,Sometimes,Sometimes,20,48,Moderate,Sometimes,Sometimes,Sometimes,5,5,5,Moderate,26,Yes,Sometimes,5,Often,Sometimes,5,5,Sometimes,5,4,14,Comparison,Early,5.2,5.8,5.0,6.2
P0257,synthetic_ai,1,20,18-22,Male,East Asian,Filipino,Philippines,High school,Student,Education,Single,7.0,5,Facebook,TikTok,Constantly,Within 5 mins of waking,Daily,Always,Often,Yes,Yes,Daily,Short video/Entertainment,11.0,5.5,Poor,Never,6.0,9,5,7,6,7,Yes,Yes,9,20,High,Yes,Yes,Yes,4,3,4,Low,11,Yes,Yes,7,Daily,Yes,8,8,Yes,9,2,4,Boredom,Critical,8.8,9.0,2.4,9.4
P0258,synthetic_ai,1,34,28-35,Non-binary,White/Caucasian,German,Germany,Postgraduate,Full-time employed,Research,Single,3.5,9,Twitter/X,Reddit,2-3 times a day,Within 30 mins,Sometimes,Sometimes,Rarely,Yes,Rarely,Sometimes,Academic/News,7.5,7.5,Good,3-4x/week,9.0,4,2,4,4,3,Sometimes,Rarely,26,65,Low,Rarely,Sometimes,Rarely,7,6,7,Good,40,Rarely,Rarely,3,Rarely,Rarely,3,3,Rarely,3,6,26,Overwhelm,None/Minimal,3.2,3.8,7.0,4.0
P0259,synthetic_ai,1,17,13-17,Female,East Asian,Japanese,Japan,High school,Student,Education,Single,7.5,4,Instagram,TikTok,Constantly,Within 5 mins of waking,Daily,Always,Always,Yes,Yes,Daily,Short video/Fashion,11.5,5.5,Poor,Never,6.0,9,5,8,9,9,Yes,Yes,8,17,High,Yes,Yes,Yes,3,3,3,Low,9,Yes,Yes,8,Daily,Yes,9,9,Yes,10,2,3,Validation seeking,Critical,9.4,9.6,1.9,9.8
P0260,synthetic_ai,1,29,28-35,Male,Black/African,Ghanaian,Ghana,Undergraduate,Full-time employed,Creative,Single,5.5,6,YouTube,Instagram,Every few hours,Within 30 mins,Often,Often,Sometimes,Yes,Yes,Often,Creative/Entertainment,9.5,7.0,Fair,1-2x/week,7.5,7,3,6,5,5,Yes,Sometimes,15,35,Moderate,Sometimes,Yes,Sometimes,5,4,5,Moderate,20,Yes,Yes,5,Often,Yes,6,5,Sometimes,6,4,10,Boredom,Moderate,5.8,6.4,4.6,6.8
P0261,synthetic_ai,1,21,18-22,Female,South Asian,Bangladeshi,Bangladesh,Undergraduate,Student,Education,Single,8.5,5,TikTok,Instagram,Constantly,Within 5 mins of waking,Daily,Always,Always,Yes,Yes,Daily,Short video/Reels,12.5,5.0,Very poor,Never,5.5,10,5,9,9,9,Yes,Yes,6,12,High,Yes,Yes,Yes,2,2,2,Very low,7,Yes,Yes,9,Daily,Yes,10,9,Yes,10,1,2,Validation seeking,Critical,9.6,9.8,1.4,9.9
P0262,synthetic_ai,1,36,36-49,Male,White/Caucasian,Spanish,Spain,Postgraduate,Self-employed,Technology,In a relationship,4.0,10,Reddit,YouTube,Every few hours,Within 30 mins,Sometimes,Sometimes,Sometimes,Yes,Sometimes,Sometimes,Tech/News,8.0,7.5,Good,1-2x/week,7.5,5,3,5,4,4,Sometimes,Sometimes,22,55,Moderate,Sometimes,Sometimes,Rarely,5,5,5,Moderate,28,Sometimes,Sometimes,4,Sometimes,Sometimes,4,4,Sometimes,4,5,16,Overwhelm,Early,4.8,5.4,5.4,5.8
P0263,synthetic_ai,1,16,13-17,Male,Black/African,South African,South Africa,High school,Student,Education,Single,8.0,4,YouTube,TikTok,Constantly,Within 5 mins of waking,Daily,Always,Often,Yes,Yes,Daily,Gaming/Short video,12.0,5.5,Poor,Never,5.5,9,5,8,7,7,Yes,Yes,8,16,High,Yes,Yes,Yes,3,2,3,Low,8,Yes,Yes,8,Daily,Yes,9,8,Yes,9,1,2,Boredom,Critical,9.2,9.5,2.1,9.7
P0264,synthetic_ai,1,44,36-49,Female,East Asian,Chinese,China,Postgraduate,Full-time employed,Healthcare,Married,4.0,10,WeChat,Douyin/TikTok,Every few hours,Within 30 mins,Sometimes,Sometimes,Sometimes,Yes,Sometimes,Sometimes,Health/Short video,8.0,7.5,Good,3-4x/week,8.5,5,2,5,5,4,Sometimes,Sometimes,22,55,Moderate,Sometimes,Sometimes,Rarely,5,5,5,Moderate,28,Sometimes,Sometimes,4,Sometimes,Sometimes,4,4,Sometimes,4,5,18,Comparison,Early,4.8,5.4,5.4,5.8
P0265,synthetic_ai,1,24,23-27,Non-binary,Black/African,American,USA,Undergraduate,Job seeker,Other,Single,6.5,6,TikTok,Instagram,Every few hours,Within 30 mins,Daily,Often,Often,Yes,Yes,Daily,Short video/Social,10.5,6.0,Poor,Never,0.0,8,4,7,7,7,Yes,Yes,10,22,High,Yes,Yes,Yes,4,4,4,Low,12,Yes,Yes,7,Daily,Yes,8,8,Yes,8,3,5,Boredom/Anxiety,Severe,7.8,8.2,2.9,8.7
P0266,synthetic_ai,1,31,28-35,Female,Hispanic/Latino,Mexican,Mexico,Undergraduate,Part-time employed,Hospitality,Single,6.0,7,Instagram,TikTok,Constantly,Within 5 mins of waking,Daily,Often,Often,Yes,Yes,Daily,Short video/Lifestyle,10.0,6.5,Fair,Never,5.5,8,4,7,7,7,Yes,Yes,11,24,High,Yes,Yes,Yes,4,3,4,Low,13,Yes,Yes,7,Daily,Yes,8,8,Yes,8,2,5,FOMO,Severe,7.8,8.2,2.9,8.7
P0267,synthetic_ai,1,19,18-22,Male,South Asian,Pakistani,Pakistan,High school,Student,Education,Single,7.0,4,YouTube,TikTok,Constantly,Within 5 mins of waking,Daily,Always,Often,Yes,Yes,Daily,Gaming/Short video,11.0,5.5,Poor,Never,6.0,9,5,8,7,7,Yes,Yes,9,19,High,Yes,Yes,Yes,3,3,3,Low,10,Yes,Yes,7,Daily,Yes,9,8,Yes,9,2,4,Boredom,Critical,9.0,9.3,2.2,9.6
P0268,synthetic_ai,1,52,50-59,Female,White/Caucasian,American,USA,Postgraduate,Full-time employed,Education,Divorced,5.0,12,Instagram,Facebook,Every few hours,Within 30 mins,Often,Sometimes,Sometimes,Yes,Sometimes,Often,Educational/Social,9.0,6.5,Fair,1-2x/week,8.5,6,3,5,5,5,Yes,Sometimes,18,42,Moderate,Sometimes,Sometimes,Sometimes,5,5,5,Moderate,22,Yes,Sometimes,5,Often,Sometimes,5,5,Sometimes,5,4,14,Comparison,Early,5.5,6.0,4.8,6.5
P0269,synthetic_ai,1,26,23-27,Female,East Asian,Malaysian,Malaysia,Undergraduate,Full-time employed,Finance,In a relationship,5.5,6,Instagram,TikTok,Every few hours,Within 30 mins,Often,Often,Sometimes,Yes,Yes,Often,Short video/Lifestyle,9.5,7.0,Fair,1-2x/week,8.5,7,3,6,6,5,Yes,Sometimes,15,35,Moderate,Sometimes,Yes,Sometimes,5,4,5,Moderate,20,Yes,Yes,5,Often,Yes,6,5,Sometimes,6,4,10,Comparison,Moderate,5.8,6.4,4.6,6.8
P0270,synthetic_ai,1,43,36-49,Male,Black/African,Nigerian,Nigeria,Postgraduate,Full-time employed,Technology,Married,4.5,11,YouTube,Instagram,Every few hours,Within 30 mins,Sometimes,Often,Sometimes,Yes,Sometimes,Often,Tech/Entertainment,8.5,7.5,Good,1-2x/week,9.0,5,3,5,4,4,Sometimes,Sometimes,20,48,Moderate,Sometimes,Sometimes,Sometimes,5,5,5,Moderate,26,Sometimes,Sometimes,4,Sometimes,Sometimes,4,4,Sometimes,4,5,18,Boredom,Early,5.2,5.8,5.0,6.2
P0271,synthetic_ai,1,21,18-22,Female,White/Caucasian,Canadian,Canada,Undergraduate,Student,Education,Single,7.5,5,TikTok,Instagram,Constantly,Within 5 mins of waking,Daily,Always,Always,Yes,Yes,Daily,Short video/Reels,11.5,5.5,Poor,Never,6.0,9,5,8,8,9,Yes,Yes,8,17,High,Yes,Yes,Yes,3,3,3,Low,9,Yes,Yes,8,Daily,Yes,9,9,Yes,9,2,3,FOMO,Critical,9.2,9.5,2.0,9.7
P0272,synthetic_ai,1,38,36-49,Male,South Asian,Indian,India,Postgraduate,Full-time employed,Government,Married,3.5,10,YouTube,LinkedIn,Every few hours,Within 30 mins,Sometimes,Sometimes,Sometimes,Yes,Sometimes,Sometimes,Government/News,7.5,7.5,Good,3-4x/week,9.0,4,2,4,4,3,Sometimes,Sometimes,24,60,Low,Sometimes,Sometimes,Rarely,6,6,6,Good,35,Sometimes,Rarely,3,Rarely,Sometimes,3,3,Rarely,3,6,28,Low motivation,None/Minimal,3.2,3.8,7.0,4.0
P0273,synthetic_ai,1,27,23-27,Non-binary,White/Caucasian,French,France,Postgraduate,Full-time employed,Creative,Single,5.0,7,Instagram,TikTok,Every few hours,Within 30 mins,Often,Sometimes,Sometimes,Yes,Sometimes,Often,Creative/Short video,9.0,7.0,Fair,1-2x/week,7.0,6,3,6,6,5,Yes,Sometimes,16,38,Moderate,Sometimes,Sometimes,Sometimes,5,5,5,Moderate,20,Yes,Sometimes,5,Often,Sometimes,5,5,Sometimes,5,4,14,Perfectionism,Moderate,5.8,6.4,4.6,6.8
P0274,synthetic_ai,1,20,18-22,Male,Black/African,Cameroonian,Cameroon,High school,Student,Education,Single,6.5,4,YouTube,TikTok,Every few hours,Within 30 mins,Daily,Often,Often,Yes,Yes,Daily,Short video/Gaming,10.5,6.0,Poor,1-2x/week,6.0,8,4,7,6,6,Yes,Yes,10,22,High,Yes,Yes,Yes,4,3,4,Low,12,Yes,Yes,7,Daily,Yes,8,7,Yes,8,2,5,Boredom,Severe,7.8,8.2,2.9,8.7
P0275,synthetic_ai,1,33,28-35,Female,Hispanic/Latino,Colombian,Colombia,Undergraduate,Full-time employed,Marketing,In a relationship,5.0,8,Instagram,TikTok,Every few hours,Within 30 mins,Often,Often,Sometimes,Yes,Sometimes,Often,Marketing/Lifestyle,9.0,7.0,Fair,1-2x/week,8.5,6,3,6,6,5,Yes,Sometimes,16,38,Moderate,Sometimes,Yes,Sometimes,5,4,5,Moderate,20,Yes,Yes,5,Often,Yes,6,5,Sometimes,6,4,12,Comparison,Moderate,5.8,6.4,4.6,6.8
P0276,synthetic_ai,1,48,36-49,Female,East Asian,Thai,Thailand,Postgraduate,Full-time employed,Healthcare,Married,4.5,10,Facebook,Line,Every few hours,Within 30 mins,Sometimes,Sometimes,Sometimes,Yes,Sometimes,Sometimes,Health/Lifestyle,8.5,7.5,Good,1-2x/week,8.5,5,2,5,5,4,Sometimes,Sometimes,20,50,Moderate,Sometimes,Sometimes,Rarely,5,5,5,Moderate,26,Sometimes,Sometimes,4,Sometimes,Sometimes,4,4,Sometimes,4,5,18,FOMO,Early,5.0,5.6,5.1,6.0
P0277,synthetic_ai,1,22,18-22,Male,South Asian,Nepali,Nepal,Undergraduate,Student,Education,Single,6.0,4,YouTube,Facebook,Every few hours,Within 30 mins,Daily,Often,Sometimes,Yes,Yes,Daily,Educational/Entertainment,10.0,6.5,Fair,1-2x/week,6.5,7,3,6,5,5,Yes,Sometimes,14,32,Moderate,Sometimes,Yes,Sometimes,5,4,5,Moderate,18,Yes,Yes,5,Often,Yes,6,5,Sometimes,6,3,9,Boredom,Moderate,6.2,6.8,4.2,7.2
P0278,synthetic_ai,1,36,36-49,Female,Black/African,Ethiopian,Ethiopia,Undergraduate,Full-time employed,Healthcare,Married,3.5,8,Facebook,YouTube,2-3 times a day,Within 30 mins,Sometimes,Sometimes,Rarely,Yes,Rarely,Sometimes,Health/Social,7.5,7.5,Good,3-4x/week,8.5,4,2,4,4,3,Sometimes,Rarely,26,65,Low,Rarely,Sometimes,Rarely,7,6,7,Good,38,Rarely,Rarely,3,Rarely,Rarely,3,3,Rarely,3,6,26,Low motivation,None/Minimal,3.2,3.8,7.0,4.0
P0279,synthetic_ai,1,25,23-27,Male,East Asian,Indonesian,Indonesia,Undergraduate,Full-time employed,Technology,Single,5.5,6,Instagram,TikTok,Every few hours,Within 30 mins,Often,Often,Sometimes,Yes,Yes,Often,Tech/Entertainment,9.5,7.0,Fair,1-2x/week,8.0,7,3,6,5,5,Yes,Sometimes,15,35,Moderate,Sometimes,Yes,Sometimes,5,4,5,Moderate,20,Yes,Yes,5,Often,Yes,6,5,Sometimes,6,4,10,Boredom,Moderate,5.8,6.4,4.6,6.8
P0280,synthetic_ai,1,17,13-17,Female,Hispanic/Latino,Venezuelan,Venezuela,High school,Student,Education,Single,8.5,4,Instagram,TikTok,Constantly,Within 5 mins of waking,Daily,Always,Often,Yes,Yes,Daily,Short video/Reels,12.5,5.0,Very poor,Never,6.0,10,5,9,9,9,Yes,Yes,6,13,High,Yes,Yes,Yes,2,2,2,Very low,7,Yes,Yes,9,Daily,Yes,10,9,Yes,10,1,1,Validation seeking,Critical,9.6,9.9,1.4,9.9
P0281,synthetic_ai,1,44,36-49,Male,White/Caucasian,German,Germany,Postgraduate,Full-time employed,Finance,Married,2.5,13,LinkedIn,YouTube,2-3 times a day,Within 1 hour,Rarely,Rarely,Rarely,No,Rarely,Rarely,Financial/Professional,6.5,8.0,Good,Daily,9.5,3,2,3,2,2,Rarely,Rarely,38,95,Low,Rarely,Rarely,Rarely,9,8,9,Good,55,Rarely,Rarely,2,Never,Rarely,2,2,Rarely,2,8,48,Boredom,None/Minimal,1.8,2.4,8.8,2.2
P0282,synthetic_ai,1,32,28-35,Female,South Asian,Sri Lankan,Sri Lanka,Undergraduate,Full-time employed,Retail,Married,5.0,7,Facebook,Instagram,Every few hours,Within 30 mins,Often,Often,Sometimes,Yes,Yes,Often,Lifestyle/Social,9.0,7.0,Fair,1-2x/week,7.5,6,3,6,5,5,Yes,Sometimes,16,38,Moderate,Sometimes,Yes,Sometimes,5,4,5,Moderate,20,Yes,Yes,5,Often,Yes,6,5,Sometimes,6,4,10,FOMO,Moderate,5.8,6.4,4.6,6.8
P0283,synthetic_ai,1,23,18-22,Male,White/Caucasian,American,USA,Undergraduate,Student,Education,Single,7.0,5,YouTube,Reddit,Every few hours,Within 30 mins,Daily,Often,Often,Yes,Yes,Daily,Gaming/News,11.0,6.0,Poor,1-2x/week,6.0,8,4,7,5,6,Yes,Yes,12,25,High,Yes,Yes,Yes,4,4,4,Low,14,Yes,Yes,7,Daily,Yes,8,7,Yes,8,3,8,Boredom,Severe,7.5,8.0,3.2,8.5
P0284,synthetic_ai,1,18,18-22,Female,East Asian,Vietnamese,Vietnam,High school,Student,Education,Single,7.5,4,TikTok,Instagram,Constantly,Within 5 mins of waking,Daily,Always,Often,Yes,Yes,Daily,Short video/Fashion,11.5,5.5,Poor,Never,6.0,9,5,8,8,8,Yes,Yes,8,17,High,Yes,Yes,Yes,3,3,3,Low,9,Yes,Yes,8,Daily,Yes,9,8,Yes,9,2,3,Comparison,Critical,9.0,9.3,2.2,9.6
P0285,synthetic_ai,1,41,36-49,Female,Black/African,Zimbabwean,Zimbabwe,Undergraduate,Full-time employed,Education,Married,3.5,9,Facebook,YouTube,2-3 times a day,Within 30 mins,Sometimes,Sometimes,Rarely,Yes,Rarely,Sometimes,Educational/Parenting,7.5,7.5,Good,3-4x/week,8.5,4,2,4,4,3,Sometimes,Rarely,26,65,Low,Rarely,Sometimes,Rarely,7,6,7,Good,38,Rarely,Rarely,3,Rarely,Rarely,3,3,Rarely,3,6,28,Low motivation,None/Minimal,3.2,3.8,7.0,4.0
P0286,synthetic_ai,1,26,23-27,Male,Hispanic/Latino,Peruvian,Peru,Undergraduate,Full-time employed,Business,Single,5.0,6,Instagram,YouTube,Every few hours,Within 30 mins,Often,Sometimes,Sometimes,Yes,Sometimes,Often,Business/Entertainment,9.0,7.0,Fair,1-2x/week,8.0,6,3,5,5,5,Yes,Sometimes,18,44,Moderate,Sometimes,Sometimes,Sometimes,5,5,5,Moderate,22,Yes,Sometimes,5,Often,Sometimes,5,5,Sometimes,5,4,14,Boredom,Early,5.5,6.0,4.8,6.5
P0287,synthetic_ai,1,34,28-35,Non-binary,East Asian,South Korean,South Korea,Postgraduate,Full-time employed,Creative,In a relationship,5.5,8,Instagram,TikTok,Every few hours,Within 30 mins,Often,Often,Sometimes,Yes,Sometimes,Often,Creative/Lifestyle,9.5,7.0,Fair,1-2x/week,7.5,7,3,6,6,5,Yes,Sometimes,15,35,Moderate,Sometimes,Yes,Sometimes,5,4,5,Moderate,20,Yes,Yes,5,Often,Yes,6,5,Sometimes,6,4,12,Perfectionism,Moderate,5.8,6.4,4.6,6.8
P0288,synthetic_ai,1,15,13-17,Male,Black/African,Nigerian,Nigeria,High school,Student,Education,Single,7.0,3,YouTube,TikTok,Constantly,Within 5 mins of waking,Daily,Always,Often,Yes,Yes,Daily,Gaming/Short video,11.0,5.5,Poor,Never,6.0,9,5,8,7,7,Yes,Yes,9,18,High,Yes,Yes,Yes,3,3,3,Low,10,Yes,Yes,8,Daily,Yes,9,8,Yes,9,2,4,Boredom,Critical,9.0,9.3,2.2,9.6
P0289,synthetic_ai,1,28,28-35,Female,White/Caucasian,Australian,Australia,Postgraduate,Full-time employed,Technology,Single,5.5,8,Instagram,LinkedIn,Every few hours,Within 30 mins,Often,Sometimes,Sometimes,Yes,Sometimes,Often,Tech/Lifestyle,9.5,7.0,Fair,1-2x/week,8.5,6,3,5,5,5,Yes,Sometimes,16,38,Moderate,Sometimes,Sometimes,Sometimes,5,5,5,Moderate,22,Yes,Sometimes,5,Often,Sometimes,5,5,Sometimes,5,4,12,FOMO,Early,5.5,6.0,4.8,6.5
P0290,synthetic_ai,1,21,18-22,Male,Hispanic/Latino,Colombian,Colombia,Undergraduate,Student,Education,Single,6.5,4,TikTok,YouTube,Constantly,Within 5 mins of waking,Daily,Often,Often,Yes,Yes,Daily,Short video/Gaming,10.5,6.0,Poor,Never,6.0,8,4,7,6,7,Yes,Yes,10,22,High,Yes,Yes,Yes,4,3,4,Low,12,Yes,Yes,7,Daily,Yes,8,8,Yes,8,2,5,Boredom,Severe,7.9,8.3,2.8,8.8
P0291,synthetic_ai,1,53,50-59,Female,East Asian,Chinese,China,Postgraduate,Full-time employed,Healthcare,Married,2.0,11,WeChat,LinkedIn,2-3 times a day,Within 1 hour,Rarely,Rarely,Rarely,No,Rarely,Rarely,Health/Professional,5.5,8.0,Good,Daily,9.0,2,1,2,2,1,Rarely,Rarely,48,115,Low,Rarely,Rarely,Rarely,9,8,9,Good,56,Rarely,Rarely,1,Never,Rarely,1,1,Never,1,8,52,N/A,None/Minimal,1.5,2.0,9.2,1.8
P0292,synthetic_ai,1,19,18-22,Female,Middle Eastern,Saudi,Saudi Arabia,High school,Student,Education,Single,7.5,4,Instagram,Snapchat,Constantly,Within 5 mins of waking,Daily,Always,Often,Yes,Yes,Daily,Short video/Fashion,11.5,5.5,Poor,Never,6.0,9,5,8,9,9,Yes,Yes,8,17,High,Yes,Yes,Yes,3,3,3,Low,9,Yes,Yes,8,Daily,Yes,9,9,Yes,10,2,3,Validation seeking,Critical,9.4,9.6,1.8,9.8
P0293,synthetic_ai,1,30,28-35,Male,White/Caucasian,American,USA,Postgraduate,Full-time employed,Finance,In a relationship,3.0,9,LinkedIn,Reddit,2-3 times a day,Within 30 mins,Sometimes,Sometimes,Rarely,Yes,Rarely,Sometimes,Financial/News,7.0,8.0,Good,3-4x/week,9.5,4,2,4,3,3,Sometimes,Rarely,28,70,Low,Rarely,Sometimes,Rarely,7,6,7,Good,40,Rarely,Rarely,3,Rarely,Rarely,3,3,Rarely,3,6,28,Boredom,None/Minimal,3.0,3.6,7.2,3.8
P0294,synthetic_ai,1,16,13-17,Female,East Asian,South Korean,South Korea,High school,Student,Education,Single,9.0,5,Instagram,TikTok,Constantly,Within 5 mins of waking,Daily,Always,Always,Yes,Yes,Daily,Short video/K-pop,13.0,4.5,Very poor,Never,5.5,10,5,10,10,10,Yes,Yes,5,10,High,Yes,Yes,Yes,2,2,2,Very low,5,Yes,Yes,10,Daily,Yes,10,10,Yes,10,1,1,Validation seeking,Critical,9.9,10.0,1.1,10.0
P0295,synthetic_ai,1,39,36-49,Male,South Asian,Indian,India,Postgraduate,Freelancer,Technology,In a relationship,5.5,10,YouTube,Reddit,Every few hours,Within 30 mins,Daily,Often,Sometimes,Yes,Yes,Often,Tech/Gaming,9.5,6.5,Fair,1-2x/week,7.0,7,4,5,5,5,Yes,Sometimes,15,35,Moderate,Sometimes,Yes,Sometimes,5,4,5,Moderate,20,Yes,Yes,5,Often,Yes,7,6,Sometimes,7,4,12,Boredom,Moderate,6.2,6.8,4.2,7.2
P0296,synthetic_ai,1,24,23-27,Female,White/Caucasian,British,UK,Undergraduate,Job seeker,Other,Single,6.5,6,Instagram,TikTok,Constantly,Within 5 mins of waking,Daily,Often,Often,Yes,Yes,Daily,Lifestyle/Fashion,10.5,6.0,Poor,Never,0.0,8,4,7,7,7,Yes,Yes,11,24,High,Yes,Yes,Yes,3,3,3,Low,12,Yes,Yes,7,Daily,Yes,8,8,Yes,9,3,6,Comparison,Severe,7.8,8.2,2.9,8.7
P0297,synthetic_ai,1,35,28-35,Male,Black/African,Senegalese,Senegal,Undergraduate,Full-time employed,Business,Married,4.0,8,Facebook,Instagram,Every few hours,Within 30 mins,Sometimes,Sometimes,Sometimes,Yes,Sometimes,Sometimes,Business/Social,8.0,7.5,Good,1-2x/week,8.5,5,2,5,4,4,Sometimes,Sometimes,22,55,Moderate,Sometimes,Sometimes,Rarely,5,5,5,Moderate,28,Sometimes,Sometimes,4,Sometimes,Sometimes,4,4,Sometimes,4,5,18,FOMO,Early,4.8,5.4,5.4,5.8
P0298,synthetic_ai,1,20,18-22,Female,Hispanic/Latino,Mexican,Mexico,High school,Student,Education,Single,8.0,4,TikTok,Instagram,Constantly,Within 5 mins of waking,Daily,Always,Often,Yes,Yes,Daily,Short video/Reels,12.0,5.5,Poor,Never,6.0,9,5,8,8,9,Yes,Yes,8,17,High,Yes,Yes,Yes,3,3,3,Low,9,Yes,Yes,8,Daily,Yes,9,9,Yes,9,2,3,FOMO,Critical,9.2,9.5,2.0,9.7
P0299,synthetic_ai,1,46,36-49,Male,East Asian,Filipino,Philippines,Undergraduate,Full-time employed,Government,Married,3.5,10,Facebook,YouTube,2-3 times a day,Within 30 mins,Sometimes,Sometimes,Rarely,Yes,Rarely,Sometimes,News/Government,7.5,7.5,Good,3-4x/week,8.5,4,2,4,4,3,Sometimes,Rarely,26,65,Low,Rarely,Sometimes,Rarely,7,6,7,Good,38,Rarely,Rarely,3,Rarely,Rarely,3,3,Rarely,3,6,28,Boredom,None/Minimal,3.2,3.8,7.0,4.0
P0300,synthetic_ai,1,22,18-22,Male,Black/African,Nigerian,Nigeria,Undergraduate,Student,Education,Single,7.5,5,Instagram,TikTok,Constantly,Within 5 mins of waking,Daily,Always,Often,Yes,Yes,Daily,Short video/Reels,11.5,5.5,Poor,Never,6.0,9,5,8,7,8,Yes,Yes,8,18,High,Yes,Yes,Yes,3,3,3,Low,10,Yes,Yes,8,Daily,Yes,9,8,Yes,9,2,3,Boredom,Critical,9.0,9.4,2.1,9.6
